,smiles,Anti_Aging_Status,AIC_Prediction_Status,CS_Prediction_Status,DNS_Prediction_Status,EA_Prediction_Status,GI_Prediction_Status,LP_Prediction_Status,MD_Prediction_Status,SCE_Prediction_Status,TA_Prediction_Status,AMES_Preds,BBB_Preds,CYP1A2_Preds,CYP2C19_Preds,CYP2C9_Preds,CYP2D6_Preds,CYP3A4_Preds,DILI_Preds,Hepato_Preds,hERG_Preds,HLM_Preds,MMP_Preds,P-gp_Inhibitor_Preds,P-gp_Substrate_Preds,MRTD (mg/day)
0,COc1ccc2c(c1)c(CCNC(=O)C)c[nH]2,1,0,0,0,0,0,1,0,1,1,0,1,1,0,0,0,0,0,0,0,0,0,0,0,-5.467403755915181
1,OC[C@H]1O[C@@H]([C@@H]([C@@H]1OP(=O)(O[C@@H](CNC(=O)CC[C@@]1(C)C2=N[C@H]([C@@H]1CC(=O)N)[C@]1(C)[N-]/C(=C(/C)\C3=N/C(=C\C4=N/C(=C\2/C)/[C@@H](CCC(=O)N)C4(C)C)/[C@H]([C@]3(C)CC(=O)N)CCC(=O)N)/[C@H]([C@]1(C)CC(=O)N)CCC(=O)N)C)[O-])O)n1cnc2c1cc(C)c(c2)C.[C-]#N.[Co+3],1,0,1,0,0,0,0,0,1,0,0,0,0,0,0,0,0,0,0,0,0,0,0,1,-5.147743313529411
2,OC[C@H]1O[C@H](O)[C@@H]([C@H]([C@@H]1O)O)O.O,1,0,0,0,0,0,0,0,1,1,0,0,0,0,0,0,0,0,0,0,0,0,0,0,-3.842359740221374
3,OC(=O)CCCc1c[nH]c2c1cccc2,1,0,0,0,0,0,0,0,0,1,0,0,0,0,0,0,0,0,0,0,0,0,0,0,-4.422064427875971
4,O[C@@H]1CC[C@]2([C@@H](C1)[C@@H](O)C[C@@H]1[C@@H]2CC[C@]2([C@H]1CC[C@@H]2[C@@H](CCC(=O)O)C)C)C,1,0,1,0,0,0,0,0,0,1,0,0,0,0,0,0,0,1,0,0,0,0,0,0,-6.3342798869137935
5,O=C[C@@H]([C@@H]([C@H]([C@@H](O)C)O)O)O.O,1,0,0,0,0,0,1,0,1,1,0,0,0,0,0,0,0,0,0,0,0,0,0,0,-3.842359740221374
6,Oc1ccc(cc1)CCC(=O)c1c(O)cc(cc1O)O,1,1,0,0,0,0,1,0,0,1,0,0,1,1,1,0,1,1,0,0,0,1,0,0,-4.422064427875971
7,O[C@@H]1CC(=C[C@H]([C@H]1O)O)C(=O)O,1,0,0,0,0,0,1,0,1,1,0,0,0,0,0,0,0,0,0,0,0,0,0,0,-4.422064427875971
8,OC[C@H]([C@H]([C@@H]([C@@H](CO)O)O)O)O,1,0,0,0,0,0,1,0,1,1,0,0,0,0,0,0,0,0,0,0,0,0,0,0,-3.842359740221374
9,OCc1c(CO)cnc(c1O)C.Cl,1,0,0,0,0,0,1,0,1,1,0,0,0,0,0,0,0,0,0,0,0,0,0,0,-3.842359740221374
10,OC(=O)CCCC[C@H]1SC[C@H]2[C@@H]1NC(=O)N2,1,0,0,0,0,0,1,0,0,1,0,0,0,0,0,0,0,0,0,0,0,0,0,0,-4.422064427875971
11,[O-]C(=O)c1ccccc1O.[Na+],1,0,0,0,0,0,1,0,0,1,1,0,0,0,0,0,0,1,0,0,0,0,0,0,-4.422064427875971
12,NCCc1c[nH]c2c1cccc2,0,0,0,0,0,0,1,0,1,1,0,1,1,0,0,0,0,0,0,0,0,0,0,0,-6.3342798869137935
13,COc1cc(cc(c1O)OC)C(=O)O,1,0,0,0,0,0,1,0,0,1,0,0,0,0,0,0,0,1,0,0,0,0,0,0,-4.422064427875971
14,NCCCNCCCCN.Cl.Cl.Cl,1,0,0,0,0,0,1,0,1,1,0,0,0,0,0,0,0,0,0,0,0,0,0,0,-4.422064427875971
15,OC(=O)/C=C/c1ccccc1,1,0,1,0,1,0,1,0,0,1,0,0,0,0,0,0,0,1,0,0,0,0,0,0,-4.422064427875971
16,NC(=O)N,1,0,0,0,0,0,1,0,1,1,0,0,0,0,0,0,0,0,0,0,0,0,0,0,-3.842359740221374
17,Oc1ccc(cc1)C(=O)O,1,0,0,0,0,0,1,0,0,1,0,0,0,0,0,0,0,1,0,0,0,0,0,0,-4.422064427875971
18,[O-]C(=O)C[N+](C)(C)C,1,0,0,0,0,0,1,0,1,1,0,0,0,0,0,0,0,0,0,0,0,0,0,0,-3.842359740221374
19,OCCc1ccc(cc1)O,1,0,0,0,0,0,1,0,1,1,0,0,0,0,0,0,0,0,0,0,0,0,0,0,-4.422064427875971
20,OC(=O)CCC(=O)O,1,0,0,0,0,0,1,0,0,1,0,0,0,0,0,0,0,0,0,0,0,0,0,0,-4.422064427875971
21,OC(=O)CCc1ccc(cc1)O,1,0,0,0,0,0,1,0,0,1,0,0,0,0,0,0,0,1,0,0,0,0,0,0,-4.422064427875971
22,Oc1ccc(c(c1)C(=O)O)O,1,0,0,0,0,0,1,0,0,1,0,0,0,0,0,0,0,1,0,0,1,0,0,0,-4.422064427875971
23,OCCc1ccc(c(c1)O)O,1,0,0,0,0,0,1,0,1,1,0,0,0,0,0,0,0,1,0,0,0,0,0,0,-4.422064427875971
24,CC(=O)OCCc1ccc(c(c1)O)O,1,0,0,0,0,0,1,0,0,1,0,0,0,0,0,0,0,1,0,0,0,0,0,0,-4.422064427875971
25,NC(=O)NC1NC(=O)NC1=O,1,0,0,0,0,0,1,0,1,1,1,0,0,0,0,0,0,1,0,0,0,0,0,0,-3.842359740221374
26,O[C@@H]1CC[C@]2([C@@H](C1)C[C@H]([C@@H]1[C@@H]2CC[C@]2([C@H]1CC[C@@H]2[C@@H](CCC(=O)NCCS(=O)(=O)O)C)C)O)C,1,0,0,0,0,0,0,0,0,1,1,0,0,0,0,0,0,1,0,0,0,0,0,1,-6.3342798869137935
27,Oc1c(O)cccc1O,1,0,0,0,0,0,1,0,0,1,1,0,0,0,0,0,0,1,0,0,1,1,0,0,-4.422064427875971
28,O[C@H]1[C@H](C)O[C@H]([C@@H]([C@@H]1O)O)O.O,1,0,0,0,0,0,0,0,1,1,0,0,0,0,0,0,0,0,0,0,0,0,0,0,-3.842359740221374
29,OC(=O)c1ccc(c(c1)O)O,1,0,0,0,0,0,1,0,0,1,0,0,0,0,0,0,0,1,0,0,0,0,0,0,-4.422064427875971
30,OCc1c(CO)cnc(c1O)C,1,0,0,0,0,0,1,0,1,1,0,0,0,0,0,0,0,0,0,0,0,0,0,0,-4.422064427875971
31,OC[C@H]1O[C@H](O[C@H]2O[C@H](CO)[C@H]([C@@H]([C@H]2O)O)O)[C@@H]([C@H]([C@@H]1O)O)O.O.O,1,0,0,0,0,0,0,0,1,1,0,0,0,0,0,0,0,0,0,0,0,0,0,0,-3.842359740221374
32,O[C@@H]1CC[C@]2([C@@H](C1)CC[C@@H]1[C@@H]2CC[C@]2([C@H]1CC[C@@H]2[C@@H](CCC(=O)O)C)C)C,1,0,0,0,0,0,1,0,0,1,0,0,0,0,0,0,0,1,0,0,1,0,1,0,-5.471534081478993
33,OC(=O)c1ccccc1,1,0,0,0,1,0,1,0,0,1,0,0,0,0,0,0,0,1,0,0,0,0,0,0,-4.422064427875971
34,NCCc1c[nH]c2c1cc(O)cc2.Cl,0,0,0,0,0,0,1,0,1,1,0,0,0,0,0,0,0,0,0,0,0,0,0,0,-6.3342798869137935
35,OC(=O)c1ccc(cc1)N,1,0,0,0,1,0,1,0,0,1,0,0,0,0,0,0,0,1,0,0,0,0,0,0,-4.422064427875971
36,OC(=O)c1ccccc1O,1,0,0,0,1,0,1,0,0,1,0,0,0,0,0,0,0,1,0,0,0,0,0,0,-4.422064427875971
37,OC(=O)c1cc(O)c(c(c1)O)O,1,0,0,0,0,0,1,0,0,1,0,0,0,0,0,0,0,1,0,0,0,0,0,0,-4.422064427875971
38,O[C@@H]1CC[C@]2([C@@H](C1)CC[C@@H]1[C@@H]2C[C@H](O)[C@]2([C@H]1CC[C@@H]2[C@@H](CCC(=O)O)C)C)C,1,0,1,0,0,0,0,0,0,1,1,0,0,0,0,0,0,1,0,0,0,0,0,0,-5.471534081478993
39,C[C@H](CCC[C@@H](CCCC(C)C)C)CCC/C(=C/CC1=C(C)C(=O)c2c(C1=O)cccc2)/C,1,0,1,0,0,0,1,0,0,1,0,0,0,0,0,0,0,0,0,0,0,0,1,1,-4.833955643188683
40,OC(=O)/C=C/c1ccc(cc1)O,1,0,0,0,1,0,0,0,0,1,0,0,0,0,0,0,0,1,0,0,0,0,0,0,-4.422064427875971
41,OC(=O)Cc1c[nH]c2c1cccc2,1,0,0,0,0,0,1,0,1,1,0,0,0,0,0,0,0,0,0,0,0,0,0,0,-4.422064427875971
42,OC(=O)CCc1c[nH]c2c1cccc2,1,0,0,0,0,0,0,0,1,1,0,0,0,0,0,0,0,0,0,0,0,0,0,0,-4.422064427875971
43,OC(=O)Cc1ccc(cc1)O,1,0,0,0,0,0,1,0,0,1,0,0,0,0,0,0,0,1,0,0,0,0,0,0,-4.422064427875971
44,O[C@@H]1CC[C@]2([C@@H](C1)C[C@H]([C@@H]1[C@@H]2C[C@H](O)[C@]2([C@H]1CC[C@@H]2[C@@H](CCC(=O)NCC(=O)O)C)C)O)C,1,0,1,0,0,0,0,0,1,1,1,0,0,0,0,0,0,1,0,0,0,0,0,1,-6.3342798869137935
45,Cc1c[nH]c2c1cccc2,1,0,0,0,0,0,1,0,0,1,0,1,0,0,0,0,0,0,0,0,1,0,0,0,-4.422064427875971
46,C/C(=C\CC/C(=C/CC1=C(C)C(=O)c2c(C1=O)cccc2)/C)/CC/C=C(/CCC=C(C)C)\C,1,0,0,1,0,0,1,0,0,1,0,1,0,0,0,0,0,1,0,0,1,0,1,1,-4.833955643188683
47,O[C@@H]1CC[C@]2([C@@H](C1)C[C@H]([C@@H]1[C@@H]2C[C@H](O)[C@]2([C@H]1CC[C@@H]2[C@@H](CCC(=O)NCCS(=O)(=O)[O-])C)C)O)C.[Na+].O,1,0,1,0,0,0,0,0,0,1,0,0,0,0,0,0,0,0,0,0,0,0,0,1,-6.3342798869137935
48,COc1cc(ccc1O)C(=O)O,1,0,0,0,0,0,1,0,0,1,0,0,0,0,0,0,0,1,0,0,0,0,0,0,-4.422064427875971
49,NCCc1ccccc1.Cl,0,0,0,0,0,0,1,0,0,1,0,0,0,0,0,0,0,0,0,0,0,0,0,0,-4.833955643188683
50,NCCc1ccccc1,0,0,0,0,0,0,1,0,1,1,0,0,0,0,0,0,0,0,0,0,0,0,0,0,-4.833955643188683
51,O=C(c1ccccc1)NCC(=O)O,1,0,0,0,0,0,1,0,0,1,0,0,0,0,0,0,0,1,0,0,0,0,0,0,-4.422064427875971
52,OC(=O)Cc1ccc(c(c1)O)O,0,0,0,0,0,0,1,0,0,1,1,0,0,0,0,0,0,1,0,0,0,0,0,0,-4.422064427875971
53,COc1cc(ccc1O)CC(=O)O,0,0,0,0,0,0,1,0,0,1,0,0,0,0,0,0,0,1,0,0,0,0,0,0,-4.422064427875971
54,NCC(c1ccc(c(c1)O)O)O.Cl,0,0,0,0,0,0,1,0,1,1,0,0,0,0,0,0,0,0,0,0,0,0,0,0,-4.422064427875971
55,O[C@@H]1CC[C@]2([C@@H](C1)C[C@H]([C@@H]1[C@@H]2CC[C@]2([C@H]1CC[C@@H]2[C@@H](CCC(=O)NCC(=O)O)C)C)O)C,1,0,1,0,0,0,0,0,1,1,0,0,0,0,0,0,0,1,0,0,0,0,0,1,-6.3342798869137935
56,CC(C(O)C)O,1,0,0,0,0,0,1,0,0,1,0,0,0,0,0,0,0,0,0,0,0,0,0,0,-3.842359740221374
57,[O-][N+](C)(C)C.O.O,1,0,0,0,0,0,1,0,0,1,0,0,0,0,0,0,0,0,0,0,0,0,0,0,-3.842359740221374
58,N#CCc1c[nH]c2c1cccc2,1,1,0,0,0,0,1,1,0,1,0,0,1,0,0,0,0,0,0,0,1,0,0,0,-4.422064427875971
59,O[C@H](C(=O)O)CC(C)C,1,0,0,0,0,0,1,0,1,1,0,0,0,0,0,0,0,1,0,0,0,0,0,0,-4.422064427875971
60,O=C(CC(=O)O)CC(=O)O,1,0,0,0,0,0,1,0,0,1,0,0,0,0,0,0,0,0,0,0,0,0,0,0,-4.422064427875971
61,O=C(Cc1ccccc1)NCC(=O)O,1,0,0,0,0,0,1,0,0,1,0,0,0,0,0,0,0,0,0,0,0,0,0,0,-4.422064427875971
62,OC(=O)CCc1cccc(c1)O,1,0,0,0,0,0,1,0,0,1,0,0,0,0,0,0,0,1,0,0,0,0,0,0,-4.422064427875971
63,O=C(Cc1ccccc1)N[C@H](C(=O)O)CCC(=O)N,0,0,0,0,0,0,1,0,0,1,0,0,0,0,0,0,0,0,0,0,0,0,0,0,-4.422064427875971
64,OCc1ccc(o1)C(=O)O,1,0,0,0,0,0,1,0,0,1,0,0,0,0,0,0,0,1,0,0,0,0,0,0,-4.422064427875971
65,O[C@@H]1CC[C@]2([C@@H](C1)CC[C@@H]1[C@@H]2C[C@H](O)[C@]2([C@H]1CC[C@@H]2[C@@H](CCC(=O)NCC(=O)[O-])C)C)C.[Na+],1,0,0,0,0,0,0,0,1,1,0,0,0,0,0,0,0,0,0,0,0,0,0,1,-6.3342798869137935
66,OC(=O)/C=C\C=C/C(=O)O,1,0,0,0,0,0,1,0,0,1,0,0,0,0,0,0,0,1,0,0,0,0,0,0,-4.422064427875971
67,OC(=O)CCCCc1ccccc1,1,0,0,0,0,0,1,0,0,1,0,0,0,0,0,0,0,1,0,0,0,0,0,0,-4.833955643188683
68,OC(=O)/C=C/c1c[nH]c2c1cccc2,1,1,0,0,0,0,1,0,0,1,0,0,0,0,0,0,0,1,0,0,0,0,0,0,-4.422064427875971
69,OC[C@H](C([C@@H](CO)O)O)O,1,0,0,0,0,0,1,0,1,1,0,0,0,0,0,0,0,0,0,0,0,0,0,0,-3.842359740221374
70,O=C(C(=O)O)Cc1ccccc1,1,0,0,0,0,0,1,0,0,1,0,0,0,0,0,0,0,1,0,0,0,0,0,0,-4.422064427875971
71,O[C@@H]1CC[C@]2([C@@H](C1)C[C@@H]([C@@H]1[C@@H]2CC[C@]2([C@H]1CC[C@@H]2[C@@H](CCC(=O)NCC(=O)O)C)C)O)C,1,0,1,0,0,0,0,0,1,1,0,0,0,0,0,0,0,1,0,0,0,0,0,1,-6.3342798869137935
72,CC(C(=O)C(=O)O)C,1,0,0,0,0,0,1,0,0,1,0,0,0,0,0,0,0,1,0,0,0,0,0,0,-3.842359740221374
73,OC(=O)Cc1ccccc1O,1,0,0,0,0,0,1,0,0,1,0,0,0,0,0,0,0,1,0,0,0,0,0,0,-4.422064427875971
74,OC[C@@H]([C@H]([C@@H]([C@@H](C=O)O)O)O)O,1,0,0,0,0,0,1,0,1,1,0,0,0,0,0,0,0,0,0,0,0,0,0,0,-3.842359740221374
75,NCCCCCNC(=O)C,1,0,0,0,0,0,1,0,0,1,0,0,0,0,0,0,0,0,0,0,0,0,0,0,-4.833955643188683
76,CNC.Cl,0,0,0,0,0,0,1,0,0,1,1,0,0,0,0,0,0,1,0,0,0,0,0,0,-4.422064427875971
77,CSCC=C,1,0,0,0,1,0,1,0,0,1,0,1,0,0,0,0,0,1,0,0,0,0,0,0,-4.422064427875971
78,CN.Cl,0,0,0,0,0,0,1,0,0,1,0,0,0,0,0,0,0,1,0,0,0,0,0,0,-3.842359740221374
79,OC(C(C(=O)O)O)C(=O)O,1,0,0,0,0,0,1,0,1,1,0,0,0,0,0,0,0,0,0,0,0,0,0,0,-4.422064427875971
80,OC(=O)CCC(=O)C(=O)O,1,0,0,0,0,0,1,0,0,1,0,0,0,0,0,0,0,0,0,0,0,0,0,0,-4.422064427875971
81,OC(=O)[C@@H](O)C,1,0,0,0,0,0,1,0,1,1,0,0,0,0,0,0,0,0,0,0,0,0,0,0,-4.422064427875971
82,OC(=O)CCc1ccccc1,1,0,0,0,0,0,1,0,0,1,0,0,0,0,0,0,0,1,0,0,0,0,0,0,-4.422064427875971
83,OCC(=O)O,1,0,0,0,0,0,1,0,1,1,0,0,0,0,0,0,0,0,0,0,0,0,0,0,-3.842359740221374
84,OC(=O)c1ccc(=O)[nH]c1,1,0,0,0,0,0,1,0,0,1,0,0,0,0,0,0,0,1,0,0,0,0,0,0,-4.422064427875971
85,OC(=O)C(CC(=O)O)CC(=O)O,1,0,0,0,0,0,1,0,0,1,0,0,0,0,0,0,0,0,0,0,0,0,0,0,-4.422064427875971
86,CC(CC(=O)O)C,1,0,0,0,0,0,1,0,0,1,0,0,0,0,0,0,0,1,0,0,0,0,0,0,-4.422064427875971
87,CSSSC,1,0,0,0,0,0,1,0,0,1,0,1,0,0,0,0,0,1,0,0,0,0,0,0,-3.842359740221374
88,OC(=O)c1ccc(o1)C(=O)O,1,0,0,0,0,0,1,0,0,1,0,0,0,0,0,0,0,1,0,0,0,0,0,0,-4.422064427875971
89,CC(c1ccccc1)C(=O)O,0,0,0,0,0,0,1,0,0,1,0,1,0,0,0,0,0,0,0,0,0,0,0,0,-4.422064427875971
90,O[C@@H](C(=O)O)Cc1ccccc1,1,0,0,0,0,0,1,0,1,1,0,0,0,0,0,0,0,0,0,0,0,0,0,0,-4.422064427875971
91,OC(=O)CCc1ccc(c(c1)O)O,1,0,0,0,0,0,1,0,0,1,0,0,0,0,0,0,0,1,0,0,0,0,0,0,-4.422064427875971
92,O[C@@H]1CC[C@]2([C@@H](C1)C[C@H]([C@@H]1[C@@H]2CC[C@]2([C@H]1CC[C@@H]2[C@@H](CCC(=O)NCC(=O)[O-])C)C)O)C.[Na+],1,0,0,0,0,0,0,0,1,1,1,0,0,0,0,0,0,0,0,0,0,0,0,1,-6.3342798869137935
93,NCCCCCN.Cl.Cl,0,0,0,0,0,0,1,0,1,1,0,0,0,0,0,0,0,0,0,0,0,0,0,0,-4.422064427875971
94,OC[C@H]1O[C@H](O[C@H]2O[C@H](CO)[C@H]([C@@H]([C@H]2O)O)O)[C@@H]([C@H]([C@@H]1O)O)O,1,0,0,0,0,0,0,0,1,1,0,0,0,0,0,0,0,0,0,0,0,0,0,0,-3.842359740221374
95,OC(=O)Cc1cc(O)ccc1O,1,0,0,0,0,0,1,0,0,1,0,0,0,0,0,0,0,1,0,0,0,0,0,0,-4.422064427875971
96,OC(=O)C(=O)O,1,0,0,0,0,0,1,1,0,1,0,0,0,0,0,0,0,1,0,0,0,0,0,0,-4.833955643188683
97,O[C@@H]1CC[C@]2([C@@H](C1)CC[C@@H]1[C@@H]2C[C@H](O)[C@]2([C@H]1CC[C@@H]2[C@@H](CCC(=O)[O-])C)C)C.[Na+],1,0,1,0,0,0,0,0,0,1,1,0,0,0,0,0,0,0,0,0,0,0,0,1,-6.3342798869137935
98,O[C@@H]([C@@H](C(=O)O)O)C(=O)O,1,0,0,0,0,0,1,0,1,1,0,0,0,0,0,0,0,0,0,0,0,0,0,0,-4.422064427875971
99,OC(=O)C(=O)C,1,0,0,0,0,0,1,0,0,1,0,0,0,0,0,0,0,1,0,0,0,0,0,0,-4.422064427875971
100,OC(=O)CCCC(=O)O,1,0,0,0,0,0,1,0,0,1,0,0,0,0,0,0,0,0,0,0,0,0,0,0,-4.422064427875971
101,C[C@H](CC(=O)O)O,1,0,0,0,0,0,1,0,0,1,0,0,0,0,0,0,0,0,0,0,0,0,0,0,-4.422064427875971
102,CNC(=O)c1cccnc1,1,0,0,0,0,0,1,0,0,1,0,0,0,0,0,0,0,1,0,0,0,0,0,0,-4.422064427875971
103,CCCCC(C(=O)O)O,1,0,0,0,0,0,1,0,1,1,0,0,0,0,0,0,0,0,0,0,0,0,0,0,-4.422064427875971
104,[O-]C(=O)Cc1c[nH]c2c1cccc2.[Na+],1,0,0,0,0,0,1,0,1,1,0,0,0,0,0,0,0,1,0,0,0,0,0,0,-4.422064427875971
105,CSCC[C@@H](C(=O)O)NC=O,1,0,0,0,0,0,1,0,0,1,1,0,0,0,0,0,0,0,0,0,0,0,0,0,-4.422064427875971
106,C[C@H]([C@H](O)C)O,1,0,0,0,0,0,1,0,0,1,0,0,0,0,0,0,0,0,0,0,0,0,0,0,-3.842359740221374
107,OS(=O)(=O)O.O=C1N=C(N(C1)C)N.NCCc1c[nH]c2c1cc(O)cc2.O,0,0,0,0,0,0,1,0,1,1,1,0,0,0,0,0,0,0,0,0,0,0,0,0,-4.422064427875971
108,OC(=O)Cc1cccc(c1)O,1,0,0,0,0,0,1,0,0,1,0,0,0,0,0,0,0,1,0,0,0,0,0,0,-4.422064427875971
109,OC[C@H]1OC(O)[C@H]([C@H]([C@@H]1O)O)NC(=O)C,1,0,0,0,0,0,0,0,1,1,0,0,0,0,0,0,0,0,0,0,0,0,0,0,-3.842359740221374
110,c1ccc2c(c1)[nH]cc2,1,0,0,0,1,0,1,0,0,1,0,1,0,0,0,0,0,1,0,0,1,0,0,0,-4.422064427875971
111,Oc1cccc(c1)C(=O)O,1,0,0,0,1,0,1,0,0,1,0,0,0,0,0,0,0,1,0,0,0,0,0,0,-4.422064427875971
112,Oc1ccc(cc1)CC(=O)C(=O)O,1,0,0,0,0,0,1,0,0,1,0,0,0,0,0,0,0,0,0,0,0,0,0,0,-4.422064427875971
113,NCCCNCCCCN,1,0,0,0,0,0,1,0,1,1,0,0,0,0,0,0,0,0,0,0,0,0,0,0,-3.842359740221374
114,OCCc1sc[n+](c1C)Cc1cnc(nc1N)C.[Cl-],1,0,0,0,0,0,1,0,1,1,0,0,0,0,0,0,0,0,0,0,0,0,0,0,-3.842359740221374
115,[O-][N+](=O)[O-].OCCc1sc[n+](c1C)Cc1cnc(nc1N)C,1,0,0,0,0,0,1,1,1,1,1,0,0,0,0,0,0,0,0,0,0,0,0,0,-4.833955643188683
116,O=C1N=C(N(C1)C)N,0,0,0,0,0,0,1,0,0,1,1,0,0,0,0,0,0,0,0,0,0,0,0,0,-3.842359740221374
117,OCCc1sc[n+](c1C)Cc1cnc(nc1N)C.[Cl-].Cl,1,0,0,0,0,0,1,0,1,1,0,0,0,0,0,0,0,0,0,0,1,0,0,0,-5.147743313529411
118,NCCCC[C@@H](C(=O)O)N.Cl,1,0,0,0,0,0,1,0,1,1,0,0,0,0,0,0,0,0,0,0,0,0,0,0,-3.842359740221374
119,OC[C@H]1O[C@@H](O)[C@@H]([C@H]([C@@H]1O[C@@H]1O[C@H](CO)[C@H]([C@@H]([C@H]1O)O)O)O)O,1,0,1,0,0,0,0,0,1,1,0,0,0,0,0,0,0,0,0,0,0,0,0,0,-3.842359740221374
120,OC(=O)CN(C(=NP(=O)([O-])[O-])N)C.[Na+].[Na+],0,0,0,0,0,0,1,0,1,0,1,0,0,0,0,0,0,0,0,0,0,0,0,0,-4.422064427875971
121,NCCCNCCCCNCCCN.Cl.Cl.Cl.Cl,1,0,0,0,0,0,1,0,1,1,0,0,0,0,0,0,0,0,0,0,0,0,0,0,-4.422064427875971
122,OC(=O)CN(C(=N)N)C,1,0,0,0,0,0,1,0,1,1,1,0,0,0,0,0,0,0,0,0,0,0,0,0,-4.422064427875971
123,NCCCC[C@@H](C(=O)O)N,1,0,0,0,0,0,1,0,1,1,1,0,0,0,0,0,0,0,0,0,0,0,0,0,-3.842359740221374
124,OC(=O)[C@H]1CCCN1,1,0,0,0,0,0,1,0,1,1,0,1,0,0,0,0,0,0,0,0,0,0,0,0,-3.842359740221374
125,OC(=O)CN(C(=N)N)C.O,0,0,0,0,0,0,1,0,1,1,1,0,0,0,0,0,0,0,0,0,0,0,0,0,-4.422064427875971
126,CN(CC(=O)O)C,1,0,0,0,0,0,1,0,1,1,0,0,0,0,0,0,0,0,0,0,0,0,0,0,-3.842359740221374
127,OC(=O)C1CCCCN1,1,0,0,0,0,0,1,0,1,1,0,1,0,0,0,0,0,0,0,0,0,0,0,0,-3.842359740221374
128,CC[C@H](C(=O)O)N,1,0,0,0,0,0,1,0,1,1,0,0,0,0,0,0,0,0,0,0,0,0,0,0,-3.842359740221374
129,NCCOP(=O)(O)O,1,0,0,0,0,0,1,0,1,1,0,0,0,0,0,0,0,0,0,0,0,0,0,0,-3.842359740221374
130,NCCCNCCCCNCCCN,1,0,0,0,0,0,1,0,1,1,0,0,0,0,0,0,0,0,0,0,0,0,0,0,-5.471534081478993
131,C[C@H](C(=O)O)N,1,0,0,0,0,0,1,0,1,1,0,0,0,0,0,0,0,0,0,0,0,0,0,0,-3.842359740221374
132,Cc1ncc(c(n1)N)C[n+]1csc(c1C)CCOP(=O)(O)O.[Cl-].O.O,0,0,0,0,0,0,1,0,1,1,0,0,0,0,0,0,0,0,0,0,0,0,0,0,-5.147743313529411
133,OCC[C@@H](C(=O)O)N,1,0,0,0,0,0,1,0,1,1,0,0,0,0,0,0,0,0,0,0,0,0,0,0,-3.842359740221374
134,OC(=O)CC[C@@H](C(=O)O)NC(=O)c1ccc(cc1)NCc1cnc2c(n1)c(=O)[nH]c(n2)N,0,0,0,0,0,0,1,0,1,0,0,0,0,0,0,0,0,1,0,0,0,0,0,0,-5.147743313529411
135,CC(CCC[C@H]([C@H]1CC[C@@H]2[C@]1(C)CC[C@H]1[C@H]2CC[C@@H]2[C@]1(C)CC[C@@H](C2)O)C)C,1,0,1,0,0,0,1,0,0,1,1,0,0,0,0,0,0,1,0,0,1,0,1,1,-6.3342798869137935
136,N[C@@H](C(=O)O)Cc1ccccc1,1,0,0,0,0,0,1,0,1,1,0,0,0,0,0,0,0,0,0,0,0,0,0,0,-3.842359740221374
137,[O-]C(=O)C,1,0,0,0,0,0,1,0,0,1,0,0,0,0,0,0,0,1,0,0,0,0,0,0,-3.842359740221374
138,[O-]C(=O)CCC,1,0,0,0,0,0,1,0,0,1,1,0,0,0,0,0,0,1,0,0,0,0,0,0,-3.842359740221374
139,Oc1cc(O)c2c(c1)oc(cc2=O)c1ccc(c(c1)O)O,1,1,0,0,0,0,1,0,1,1,0,0,1,0,0,0,0,1,0,0,0,1,0,0,-5.147743313529411
140,CCCCC/C=C/C(=O)O[C@H]([N+](C)(C)C)CCC(=O)[O-],1,0,0,0,0,0,1,0,1,1,0,1,0,0,0,0,0,0,0,0,0,0,0,0,-4.833955643188683
141,O[C@@H]1CCC2([C@@H](C1)C[C@H](C1C2C[C@H](O)C2(C1CCC2C(CCC(=O)O)C)C)O)C,1,0,1,0,0,0,0,0,0,1,1,0,0,0,0,0,0,1,0,0,0,0,0,1,-6.3342798869137935
142,[O-]C(=O)CC,1,0,0,0,0,0,1,0,0,1,1,1,0,0,0,0,0,1,0,0,0,0,0,0,-3.842359740221374
143,Oc1cc(O)cc(c1)O,1,0,0,0,0,0,1,0,0,1,0,0,0,0,0,0,0,1,0,0,0,0,0,0,-4.422064427875971
144,OS(=O)(=O)Oc1c[nH]c2c1cccc2,1,0,0,0,0,0,1,0,0,1,0,0,0,0,0,0,0,1,0,0,0,0,0,0,-4.422064427875971
145,Cc1ccc(cc1)OS(=O)(=O)O,1,0,0,0,0,0,1,0,0,1,0,0,0,0,0,0,0,1,0,0,0,0,0,0,-4.833955643188683
146,Oc1ccc(cc1)C1COc2c(C1=O)ccc(c2)O,1,1,0,0,0,0,1,0,0,1,1,0,0,1,0,0,0,0,0,0,0,1,0,0,-4.833955643188683
147,Oc1ccc(cc1)[C@H]1COc2c(C1)ccc(c2)O,1,1,0,0,0,0,1,0,0,1,1,1,0,0,0,0,0,1,0,0,1,1,0,0,-4.833955643188683
148,CC(=O)OC(C(=O)O)C,1,0,0,0,0,0,1,0,0,1,0,0,0,0,0,0,0,1,0,0,0,0,0,0,-4.422064427875971
149,CC(=O)C(O)C,1,0,0,0,0,0,1,0,0,1,0,1,0,0,0,0,0,1,0,0,0,0,0,0,-3.842359740221374
150,CC(=O)C(=O)C,1,0,0,0,1,0,1,0,0,1,0,1,0,0,0,0,0,1,0,0,0,0,0,0,-3.842359740221374
151,CN(C)C,1,0,0,0,1,0,1,0,0,1,0,1,0,0,0,0,0,1,0,0,0,0,0,0,-3.842359740221374
152,COc1ccc(cc1O)CCC(=O)O,1,0,0,0,0,0,1,0,0,1,0,0,0,0,0,0,0,1,0,0,0,0,0,0,-4.422064427875971
153,COc1ccc(cc1O)CCC(=O)c1c(O)cc(cc1O)O,1,1,0,0,0,0,1,0,1,1,0,0,0,1,0,0,1,1,0,0,0,0,0,0,-5.471534081478993
154,[O-]C(=O)CCC(=O)[O-],1,0,0,0,0,0,1,0,0,1,0,0,0,0,0,0,0,1,0,0,0,0,0,0,-3.842359740221374
155,Oc1ccc(cc1)C(C(=O)c1ccc(cc1O)O)C,1,1,0,0,1,0,1,1,0,1,0,0,0,1,0,0,1,1,0,0,0,1,0,0,-4.422064427875971
156,OC(Cc1c(O)cc(cc1O)O)Cc1ccc(c(c1)O)O,1,0,0,0,0,0,1,0,0,1,1,0,0,0,0,0,0,1,0,0,0,0,0,0,-4.422064427875971
157,[O-][N+](C)(C)C,1,0,0,0,0,0,1,0,1,1,0,0,0,0,0,0,0,0,0,0,0,0,0,0,-3.842359740221374
158,OC(=O)[C@H](O)C,1,0,0,0,0,0,1,0,1,1,0,0,0,0,0,0,0,0,0,0,0,0,0,0,-4.422064427875971
159,OC(=O)/C=C/c1ccc(c(c1)O)O,1,0,0,0,0,0,1,0,1,1,0,0,0,0,0,0,0,1,0,0,0,0,0,0,-4.422064427875971
160,OCC(COC(=O)/C=C/c1ccc(c(c1)O)O)O,1,1,0,0,0,0,1,0,1,1,0,0,0,0,0,0,0,1,0,0,0,0,0,0,-4.422064427875971
161,OCCc1cccc(c1)O,1,0,0,0,0,0,1,0,1,1,0,0,0,0,0,0,0,1,0,0,0,0,0,0,-4.422064427875971
162,OC(=O)Cc1ccccc1,1,0,0,0,1,0,1,0,0,1,0,0,0,0,0,0,0,1,0,0,0,0,0,0,-4.422064427875971
163,OC[C@H]1O[C@@H](Oc2c(oc3c(c2=O)c(O)cc(c3)O)c2ccc(c(c2)O)O)[C@@H]([C@H]([C@@H]1O)O)O,1,1,0,0,0,0,0,0,1,1,1,0,0,0,0,0,0,0,0,0,0,0,0,0,-5.147743313529411
164,Oc1ccc(cc1)C1COc2c(C1)c(O)cc(c2)O,1,1,0,0,0,0,1,1,0,1,1,0,0,0,0,0,0,1,0,0,0,1,0,0,-5.471534081478993
165,OC(=O)[C@H](c1ccc(cc1)O)C,1,0,0,0,0,0,1,0,1,1,0,0,0,0,0,0,0,1,0,0,0,0,0,0,-4.422064427875971
166,CC(=CCc1c(O)cc(c2c1O[C@@H](CC2=O)c1ccc(cc1)O)O)C,1,1,0,0,0,0,1,0,0,1,0,0,0,1,1,0,0,1,0,0,0,1,0,0,-6.3342798869137935
167,C[C@@H](C(=O)O)N,1,0,0,0,0,0,1,0,1,1,0,0,0,0,0,0,0,0,0,0,0,0,0,0,-3.842359740221374
168,N[C@H](C(=O)O)CC(C)C,1,0,0,0,0,0,1,0,1,1,0,0,0,0,0,0,0,0,0,0,0,0,0,0,-3.842359740221374
169,CC[C@@H]([C@@H](C(=O)O)N)C,1,0,0,0,0,0,1,0,1,1,0,0,0,0,0,0,0,0,0,0,0,0,0,0,-3.842359740221374
170,NCC(=O)O,1,0,0,0,0,0,1,0,1,1,0,0,0,0,0,0,0,0,0,0,0,0,0,0,-3.842359740221374
171,OC(=O)[C@@H]1CCCN1,1,0,0,0,0,0,1,0,1,1,0,1,0,0,0,0,0,0,0,0,0,0,0,0,-3.842359740221374
172,OC[C@@H](C(=O)O)N,1,0,0,0,0,0,1,0,1,1,0,0,0,0,0,0,0,0,0,0,0,0,0,0,-3.842359740221374
173,OC[C@H]([C@H]([C@H]([C@@H](C(=O)CO)O)O)O)O,1,0,0,0,0,0,1,0,1,1,0,0,0,0,0,0,0,0,0,0,0,0,0,0,-3.842359740221374
174,OC(=O)C(CC(=O)O)(CC(=O)O)O,1,0,0,0,0,0,1,0,1,1,0,0,0,0,0,0,0,0,0,0,0,0,0,0,-4.422064427875971
175,OC(=O)CC(C(=O)O)O,1,0,0,0,0,0,1,0,1,1,0,0,0,0,0,0,0,0,0,0,0,0,0,0,-4.422064427875971
176,OCc1cnc(c(c1C(=O)O)O)C,1,0,0,0,0,0,1,1,0,1,0,0,0,0,0,0,0,1,0,0,0,0,0,0,-4.422064427875971
177,OC[C@@H]([C@@H](Cc1cccc(c1)O)CO)Cc1cccc(c1)O,1,0,0,0,0,0,1,0,1,1,1,0,0,0,0,0,0,1,0,0,0,0,0,0,-4.422064427875971
178,[O-]C(=O)C(O)C,1,0,0,0,0,0,1,0,1,1,0,0,0,0,0,0,0,0,0,0,0,0,0,0,-3.842359740221374
179,Oc1ccc(cc1)c1coc2c(c1=O)ccc(c2)O,1,1,0,0,0,0,1,0,0,1,0,0,1,1,0,0,0,1,0,0,0,1,1,0,-4.422064427875971
180,OC(=O)[C@H](Cc1ccc(c(c1)O)O)N,1,0,0,0,0,0,1,0,0,1,1,0,0,0,0,0,0,0,0,0,0,0,0,0,-3.842359740221374
181,[O-]S(=O)(=O)[O-],1,0,0,0,0,0,1,0,0,1,0,0,0,0,0,0,0,1,0,0,0,0,0,0,-3.842359740221374
182,COc1ccc(cc1)c1oc2c(CC=C(C)C)c(O)cc(c2c(=O)c1O[C@@H]1O[C@@H](C)[C@@H]([C@H]([C@H]1O)O)O)O,1,1,0,0,0,0,1,0,1,0,0,0,0,0,0,0,0,0,0,1,0,0,0,1,-4.833955643188683
183,COc1ccc(cc1)c1oc2c(CC=C(C)C)c(O)cc(c2c(=O)c1O)O,1,1,1,0,0,0,1,0,0,1,0,0,0,0,0,0,0,0,0,0,0,0,1,0,-6.3342798869137935
184,[O-]C=O,1,0,0,0,1,0,1,0,0,1,1,0,0,0,0,0,0,1,0,0,0,0,0,0,-3.842359740221374
185,[O-]C(=O)[C@@H](O)C,1,0,0,0,0,0,1,0,1,1,0,0,0,0,0,0,0,0,0,0,0,0,0,0,-3.842359740221374
186,CCO,1,0,0,0,1,0,1,0,0,1,0,1,0,0,0,0,0,1,0,0,0,0,0,0,-3.842359740221374
187,OCC1(CO)[C@@H](O[C@@H]2O[C@H](CO)[C@H]([C@@H]([C@H]2O)O)O)[C@@H](O)C[C@]2([C@H]1CC[C@@]1([C@@H]2CC=C2[C@@]1(C)C[C@@H](O)[C@@]1([C@H]2CC(CC1)(C)C)C(=O)O[C@@H]1OC[C@@H]([C@@H]([C@H]1O[C@@H]1O[C@@H](C)[C@@H]([C@H]([C@H]1O)O)O[C@@H]1OC[C@H]([C@@H]([C@H]1O)O[C@@H]1OC[C@]([C@H]1O)(O)CO)O)O)O)C)C,1,0,1,0,0,0,0,0,0,0,0,0,0,0,0,0,0,1,0,0,0,0,0,0,-5.147743313529411
188,Oc1cc(O)c2c(c1)oc(cc2=O)c1ccccc1,1,1,0,0,1,0,1,0,0,1,0,0,1,1,1,0,1,1,0,0,0,1,0,0,-4.833955643188683
189,Oc1ccc(cc1)c1cc(=O)c2c(o1)cc(cc2O)O,1,1,0,0,1,0,1,0,0,1,0,0,1,1,0,0,1,1,0,0,0,1,0,0,-5.147743313529411
190,Oc1ccc2c(c1)oc(=O)c1c2cc(O)cc1,1,1,0,0,0,0,1,1,0,1,0,0,0,0,0,0,0,1,0,0,0,1,0,0,-4.422064427875971
191,CC(=O)C(=O)[O-],1,0,0,0,0,0,1,0,0,1,0,0,0,0,0,0,0,1,0,0,0,0,0,0,-3.842359740221374
192,CC(=O)OP(=O)([O-])[O-],1,0,0,0,0,0,1,0,0,1,0,0,0,0,0,0,0,0,0,0,0,0,0,0,-3.842359740221374
193,O=C1Nc2c(C1C)cccc2,0,1,0,0,0,0,1,0,0,1,0,0,0,0,0,0,0,1,0,0,1,0,0,0,-4.422064427875971
194,OC(=O)Cc1c[nH]c2c1cc(O)cc2,0,0,0,0,0,0,0,0,1,1,0,0,0,0,0,0,0,0,0,0,0,0,0,0,-4.422064427875971
195,OC(=O)c1c[nH]c2c1cccc2,1,0,0,0,0,0,0,0,0,1,0,0,0,0,0,0,0,0,0,0,0,0,0,0,-4.422064427875971
196,O=C1Cc2c(N1)cccc2,0,0,0,0,0,0,1,0,0,1,0,1,0,0,0,0,0,1,0,0,0,0,0,0,-4.422064427875971
197,OC(=O)c1cc(=O)c2c([nH]1)cccc2,1,0,0,0,0,0,1,1,0,1,0,0,0,0,0,0,0,1,0,0,0,0,0,0,-4.422064427875971
198,N[C@H](C(=O)O)Cc1cnc[nH]1,1,0,0,0,0,0,1,0,1,1,0,0,0,0,0,0,0,0,0,0,0,0,0,0,-5.471534081478993
199,N[C@H](C(=O)O)CS,1,0,0,0,0,0,1,0,1,1,1,0,0,0,0,0,0,0,0,0,0,0,0,0,-3.842359740221374
200,NC(C(=O)O)CSSCC(C(=O)O)N,1,0,0,0,0,0,1,0,1,1,0,0,0,0,0,0,0,0,0,0,0,0,0,0,-3.842359740221374
201,SC[C@@H](C(=O)NCC(=O)O)NC(=O)CC[C@@H](C(=O)O)N,1,0,0,0,0,0,1,0,1,1,1,0,0,0,0,0,0,0,0,0,0,0,0,0,-4.422064427875971
202,NC(=O)C[C@@H](C(=O)O)N,1,0,0,0,0,0,1,0,1,1,1,0,0,0,0,0,0,0,0,0,0,0,0,0,-3.842359740221374
203,CC(C(=O)O)N,1,0,0,0,0,0,1,0,1,1,0,0,0,0,0,0,0,0,0,0,0,0,0,0,-3.842359740221374
204,OC(=O)C(Cc1c[nH]c2c1cc(O)cc2)O,1,0,0,0,0,0,1,0,1,1,0,0,0,0,0,0,0,0,0,0,0,0,0,0,-4.422064427875971
205,OC(=O)C(Cc1c[nH]c2c1cccc2)O,1,0,0,0,0,0,1,0,1,1,0,0,0,0,0,0,0,0,0,0,0,0,0,0,-4.422064427875971
206,OC(=O)C(Cc1ccc(cc1)O)O,1,0,0,0,0,0,1,0,1,1,0,0,0,0,0,0,0,0,0,0,0,0,0,0,-4.422064427875971
207,OC(=O)C(Cc1ccc(c(c1)O)O)O,1,0,0,0,0,0,1,0,1,1,0,0,0,0,0,0,0,0,0,0,0,0,0,0,-4.422064427875971
208,OC(=O)c1cccnc1,1,0,0,0,0,0,1,0,0,1,0,0,0,0,0,0,0,1,0,0,0,0,0,0,-4.422064427875971
209,[O-]C(=O)C[C@H](O)C,1,0,0,0,0,0,1,0,0,1,0,0,0,0,0,0,0,0,0,0,0,0,0,0,-4.422064427875971
210,OC(=O)C1=CC(=O)C(O1)(C)c1ccccc1,0,0,0,0,0,0,1,0,0,1,0,1,0,0,0,0,0,1,0,0,0,0,0,0,-5.467403755915181
211,C[C@@H](CC(=O)O)O,1,0,0,0,0,0,1,0,0,1,0,0,0,0,0,0,0,0,0,0,0,0,0,0,-4.422064427875971
212,[O-]C(=O)CC(O)C.[Na+],1,0,0,0,0,0,1,0,0,1,0,0,0,0,0,0,0,0,0,0,0,0,0,0,-3.842359740221374
213,COc1ccc(cc1O)c1cc(=O)c2c(o1)cc(cc2O)O,1,1,0,0,0,0,1,0,1,1,0,0,1,1,1,0,1,1,0,0,0,1,0,0,-5.147743313529411
214,COc1ccc(cc1)c1cc(=O)c2c(o1)cc(cc2O)O,1,1,0,0,1,0,1,0,0,1,0,0,1,1,0,0,1,1,0,0,0,1,0,0,-5.471534081478993
215,CCCCC(=O)[O-],1,0,0,0,0,0,1,0,1,1,0,0,0,0,0,0,0,1,0,0,0,0,0,0,-4.833955643188683
216,O[C@@H]1CC[C@]2([C@@H](C1)C[C@H]([C@@H]1[C@@H]2C[C@H](O)[C@]2([C@H]1CC[C@@H]2[C@@H](CCC(=O)NCCS(=O)(=O)O)C)C)O)C,1,0,1,0,0,0,0,0,0,1,1,0,0,0,0,0,0,0,0,0,0,0,0,1,-6.3342798869137935
217,Oc1ccc(cc1)CCc1cc(O)cc(c1)O,1,0,0,0,0,0,1,0,0,1,0,0,0,1,0,0,0,1,0,0,0,1,0,0,-4.422064427875971
218,Oc1ccc(cc1)CCc1cccc(c1)O,1,0,0,0,1,0,1,0,0,1,1,0,0,0,0,0,0,1,0,0,0,1,0,0,-4.833955643188683
219,Oc1ccc(cc1O)/C=C/c1ccccc1,1,1,1,0,0,0,1,0,0,1,1,0,1,0,0,0,0,1,0,0,0,1,0,0,-5.147743313529411
220,CCCCCC(=O)c1c(O)cc(c(c1O)Cl)OC,1,0,0,0,0,0,1,1,0,1,0,0,0,0,0,0,0,1,0,0,0,0,0,0,-5.471534081478993
221,C[C@H]1CCC(=N1)C1=C(CC(=O)NCc2scc(n2)C(=O)C(=O)c2scc(n2)C(=O)CNC(=O)CC2=C(C3=N[C@H](CC3)C)C(=O)NC32CC3)C2(NC1=O)CC2,1,1,0,0,0,0,0,0,1,0,0,0,0,0,0,0,0,1,0,0,0,0,1,1,-5.147743313529411
222,OC[C@H]1O[C@]([C@H]([C@@H]1O)O)(O)CO,1,0,0,0,0,0,0,0,1,1,0,0,0,0,0,0,0,0,0,0,0,0,0,0,-3.842359740221374
223,Oc1ccc(cc1)c1coc2c(c1=O)c(O)cc(c2)O,1,1,1,0,1,0,1,1,0,1,0,0,0,1,0,0,0,1,0,0,0,1,0,0,-4.422064427875971
224,Oc1ccc(cc1)C1COc2c(C1=O)c(O)cc(c2)O,1,1,0,0,0,0,1,0,0,1,1,0,0,0,0,0,0,1,0,0,0,1,0,0,-5.471534081478993
225,OC[C@H]1OC(O)[C@H]([C@H]([C@@H]1O)O)O,1,0,0,0,0,0,0,0,1,1,0,0,0,0,0,0,0,0,0,0,0,0,0,0,-3.842359740221374
226,Brc1ccc(c(c1)Br)Oc1ccc(cc1Br)Br,1,0,0,0,1,0,1,1,0,1,0,0,0,0,0,0,0,1,0,0,0,1,0,0,-4.833955643188683
227,Brc1ccc(c(c1)Br)Oc1cc(Br)c(cc1Br)Br,1,0,0,0,0,0,1,1,0,1,0,0,0,0,0,0,0,1,0,0,0,1,1,0,-4.833955643188683
228,CC(=O)OCc1c2ccccc2c(c2c1cccc2)COC(=O)C,1,0,0,0,1,0,1,0,0,1,1,1,0,0,0,0,0,1,0,0,0,0,0,0,-4.422064427875971
229,CCCCCCCCCCCCCCCC(=O)O,1,0,0,0,0,0,1,0,1,1,0,1,0,0,0,0,0,0,0,0,0,0,0,0,-5.471534081478993
230,OC1O[C@H](C(=O)O)[C@H]([C@@H]([C@H]1O)O)O,1,0,0,0,0,0,0,0,1,1,0,0,0,0,0,0,0,0,0,0,0,0,0,0,-3.842359740221374
231,C/C(=C\C=C\C(=C\C(=O)O)\C)/C=C/C1=C(C)CCCC1(C)C,1,0,0,0,0,0,1,0,0,1,0,0,0,0,0,0,0,1,0,0,0,1,0,0,-4.833955643188683
232,CCCCC/C=C\CC(=O)CCCCCCCCC(=O)O,1,0,0,0,0,0,1,0,1,1,0,1,0,0,0,0,0,0,0,0,0,0,0,0,-4.833955643188683
233,CCc1ccc(nc1)CCOc1ccc(cc1)CC1SC(=O)NC1=O,1,0,0,0,0,0,1,0,0,1,0,1,0,0,0,0,0,0,0,0,0,1,1,0,-4.833955643188683
234,O[C@H]1[C@@H](O[C@H]([C@@H]([C@H]1O)O)C)Oc1c(oc2c(c1=O)c(O)c(c(c2)O)O)c1ccc(c(c1)O)O,1,1,0,0,0,0,0,0,0,1,1,0,0,0,0,0,0,1,0,0,0,0,0,0,-4.422064427875971
235,Oc1cc(O)c2c(c1)oc(c(c2=O)O)c1ccc(c(c1)O)O,1,1,0,0,0,0,1,0,1,1,1,0,1,0,1,0,0,1,0,0,0,1,0,0,-4.422064427875971
236,OC[C@H]1O[C@@H](Oc2c3cc4cc2Oc2ccc(cc2Cl)[C@@H](O)[C@@H]2NC(=O)[C@H](NC(=O)[C@@H]4NC(=O)[C@H](CC(=O)N)NC(=O)[C@@H]([C@@H](c4ccc(O3)c(Cl)c4)O)NC(=O)[C@@H](CC(C)C)NC)c3ccc(c(-c4c(O)cc(cc4[C@H](NC2=O)C(=O)O)O)c3)O)[C@@H]([C@H]([C@@H]1O)O)O[C@@H]1O[C@@H](C)[C@H]([C@@](C1)(C)N)O,1,0,1,0,0,0,1,0,0,0,0,0,0,0,0,0,0,1,0,0,0,0,0,1,-5.147743313529411
237,C[C@@H]1CC[C@@]2(OC1)O[C@@H]1[C@H]([C@@H]2C)[C@@]2([C@@H](C1)[C@@H]1CC=C3[C@]([C@H]1CC2)(C)CC[C@@H](C3)O)C,1,1,1,0,0,0,1,0,0,1,0,0,0,0,0,0,0,1,0,0,1,0,1,1,-6.3342798869137935
238,Oc1ccc(cc1)O,1,0,0,0,0,0,1,0,0,1,0,0,0,0,0,0,0,1,0,0,1,0,0,0,-3.842359740221374
239,Oc1ccc(cc1)c1coc2c(c1=O)cc(c(c2)O)O,1,1,0,0,0,0,1,0,1,1,0,0,0,1,0,0,0,1,0,0,0,0,0,0,-5.471534081478993
240,O=C1CCCC(O1)c1ccc(c(c1)O)O,1,1,0,0,0,0,1,0,0,1,1,0,0,0,0,0,0,1,0,0,0,0,0,0,-4.422064427875971
241,OC(Cc1ccc(c(c1)O)O)CCC(=O)O,1,0,0,0,0,0,1,0,1,1,1,0,0,0,0,0,0,0,0,0,0,0,0,0,-4.422064427875971
242,COc1cc2c(cc1O)OCC(C2=O)c1ccc(cc1)O,1,1,0,0,0,0,1,0,0,1,1,0,0,0,0,0,0,1,0,0,0,1,0,0,-4.833955643188683
243,OC1[C@H](O)CC(C[C@H]1O)(O)C(=O)O,1,0,0,0,0,0,0,0,1,1,0,0,0,0,0,0,0,0,0,0,0,0,0,0,-4.422064427875971
244,OC(=O)CC(=O)C(=O)O,1,0,0,0,0,0,1,0,0,1,0,0,0,0,0,0,0,0,0,0,0,0,0,0,-4.422064427875971
245,Oc1cc(O)c2c(c1)oc1c(c2=O)cc(c(c1)O)O,1,1,0,0,0,0,1,0,0,1,1,0,0,0,0,0,0,1,0,0,0,1,0,0,-4.422064427875971
246,NCCc1c[nH]c2c1cc(O)cc2,0,0,0,0,0,0,1,0,1,1,0,1,1,0,0,0,0,0,0,0,0,0,0,0,-6.3342798869137935
247,Oc1cc2OC(c3ccc(c(c3)O)O)C(C(c2c(c1)O)O)O,1,1,0,0,0,0,1,0,0,1,1,0,0,0,0,0,0,1,0,0,0,1,0,0,-3.842359740221374
248,OCC(CO)O,1,0,0,0,0,0,1,0,1,1,0,0,0,0,0,0,0,0,0,0,0,0,0,0,-3.842359740221374
249,COC(=O)C1=CO[C@H]([C@H]2[C@@H]1CC=C2CO)O,1,0,0,0,0,0,1,0,0,1,0,0,0,0,0,0,0,0,0,0,0,0,0,0,-4.422064427875971
250,O=Cc1c[nH]c2c1cccc2,1,1,0,0,0,0,1,0,1,1,1,1,0,0,0,0,0,0,0,0,0,0,0,0,-4.833955643188683
251,CCCCCC/C=C/C(=O)CCCCCCCCC(=O)O,1,0,0,0,0,0,1,0,1,1,0,1,0,0,0,0,0,0,0,0,0,0,0,0,-4.833955643188683
252,COc1ccc(cc1)C1CC(=O)c2c(O1)cc(cc2[O-])O,1,1,0,0,0,0,1,0,0,1,0,0,0,0,0,0,0,1,0,0,0,0,0,0,-5.147743313529411
253,OC[C@H]1O[C@@H](O[C@@H]2[C@@H](CO)OC([C@@H]([C@H]2O)O)O)[C@@H]([C@H]([C@H]1O)O[C@@H]1O[C@H](CO)[C@H]([C@@H]([C@H]1NC(=O)C)O[C@@H]1O[C@H](CO)[C@@H]([C@@H]([C@H]1O)O)O)O)O,1,1,1,0,0,0,0,0,1,1,0,0,0,0,0,0,0,1,0,0,0,0,0,0,-5.147743313529411
254,OC[C@H]1O[C@@H](O[C@H]2[C@@H](O)[C@@H](CO)O[C@H]([C@@H]2O)O[C@@H]2[C@@H](CO)OC([C@@H]([C@H]2O)O)O)[C@@H]([C@H]([C@@H]1O[C@@H]1O[C@H](CO)[C@@H]([C@@H]([C@H]1O)O)O)O)NC(=O)C,1,0,1,0,0,0,0,0,1,1,1,0,0,0,0,0,0,1,0,0,0,0,0,0,-5.147743313529411
255,O=C(C(=O)O)CC(=O)C(=O)O,1,0,0,0,0,0,1,0,0,1,0,0,0,0,0,0,0,1,0,0,0,0,0,0,-4.422064427875971
256,Oc1ccc(cc1)C(C(=O)c1c(O)cc(cc1O)O)C,1,1,0,0,0,0,1,0,0,1,0,0,0,1,0,0,0,1,0,0,0,1,0,0,-4.422064427875971
257,OC(=O)CCc1ccc(cc1O)O,1,0,0,0,0,0,1,0,0,1,0,0,0,0,0,0,0,1,0,0,0,0,0,0,-4.422064427875971
258,OC(Cc1ccccc1)Cc1ccccc1,1,0,0,0,0,0,1,0,0,1,0,0,0,0,0,0,0,1,0,0,0,0,0,0,-4.422064427875971
259,O[C@@H](C[C@H](C(=O)N[C@@H]1[C@H](O)Cc2c1cccc2)Cc1ccccc1)CN1CCN(C[C@H]1C(=O)NC(C)(C)C)Cc1cnc2c(c1)cco2,1,0,0,0,0,0,1,0,1,1,0,0,0,0,0,0,0,1,0,0,0,0,1,1,-4.833955643188683
260,NCCc1ccc(c(c1)O)O,0,0,0,0,0,0,1,0,1,1,1,0,0,0,0,0,0,0,0,0,0,0,0,0,-5.471534081478993
261,Cn1c(N)nc2c1cc(cn2)c1ccccc1,1,0,0,0,0,0,1,0,1,1,1,1,0,0,0,0,0,1,0,0,0,0,0,0,-5.467403755915181
262,OC1CC[n+]2c(N1)n(C)c1c2ncc(c1)c1ccccc1.[Cl-],0,1,0,0,0,0,1,0,0,1,0,0,0,0,0,0,0,1,0,1,0,0,1,0,-5.147743313529411
263,Oc1cc(O)c2c(c1)oc(c(c2=O)O[C@@H]1O[C@@H](C)[C@@H]([C@H]([C@H]1O)O)O)c1ccc(c(c1)O)O,1,1,0,0,0,0,0,0,1,1,1,0,0,0,0,0,0,0,0,0,0,0,0,0,-4.422064427875971
264,Oc1ccc2c(c1)oc(=O)c1c2ccc(c1)O,1,1,0,0,0,0,1,1,0,1,0,0,1,0,0,0,0,1,0,0,0,1,0,0,-4.422064427875971
265,OC[C@H]1O[C@@H](O[C@H]2C[C@]3(C)[C@@H]([C@@]4([C@@H]2C(C)(C)[C@@H](O)CC4)C)C[C@H]([C@H]2[C@@]3(C)CC[C@@H]2[C@@](O[C@@H]2O[C@H](CO)[C@H]([C@@H]([C@H]2O)O)O)(CCC=C(C)C)C)O)[C@@H]([C@H]([C@@H]1O)O)O[C@@H]1O[C@H](CO)[C@H]([C@@H]([C@H]1O)O)O,1,1,1,0,0,0,0,0,1,1,0,0,0,0,0,0,0,0,0,0,0,0,0,0,-5.147743313529411
266,COC(=O)C1=CO[C@H]([C@H]2[C@@H]1C[C@@H]([C@@H]2C)O)O,1,0,0,0,0,0,1,0,0,1,0,0,0,0,0,0,0,1,0,0,1,0,0,0,-4.422064427875971
267,COc1cc(ccc1OC)C[C@H]1COC(=O)[C@@H]1Cc1ccc(c(c1)OC)O,1,1,0,0,0,0,1,0,0,1,0,0,0,0,0,0,0,1,0,0,0,0,0,0,-4.833955643188683
268,O[C@@H]1CC[C@]2([C@@H](C1)C[C@@H]([C@@H]1[C@@H]2CC[C@]2([C@H]1CC[C@@H]2[C@@H](CCC(=O)O)C)C)O)C,1,0,1,0,0,0,0,0,1,1,0,0,0,0,0,0,0,1,0,0,0,0,0,1,-5.471534081478993
269,N[C@H](C(=O)O)Cc1ccccc1,1,0,0,0,0,0,1,0,1,1,0,0,0,0,0,0,0,0,0,0,0,0,0,0,-3.842359740221374
270,OC(=O)CC[C@@H](C(=O)O)N,1,0,0,0,0,0,1,0,1,1,0,0,0,0,0,0,0,0,0,0,0,0,0,0,-3.842359740221374
271,C[C@H]([C@@H](C(=O)O)N)O,1,0,0,0,0,0,1,0,1,1,0,0,0,0,0,0,0,0,0,0,0,0,0,0,-3.842359740221374
272,COc1cc2c(cc1O)occ(c2=O)c1ccc(cc1)O,1,1,0,0,0,0,1,0,0,1,0,0,0,1,0,0,0,1,0,0,1,1,0,0,-4.422064427875971
273,Oc1ccc(cc1)c1oc2cc(O)cc(c2c(=O)c1O)O,1,1,1,0,0,0,1,0,1,1,1,0,1,1,0,0,0,1,0,0,0,1,0,0,-5.147743313529411
274,NC(=O)c1c(O)nc[nH]1,0,0,0,0,0,0,1,0,1,1,0,0,0,0,0,0,0,1,0,0,0,0,0,0,-3.842359740221374
275,OC[C@H]1O[C@@H](O[C@H]2CC[C@]3([C@H](C2(C)C)CC[C@@]2([C@@H]3C[C@@H](O)[C@H]3[C@@]2(C)CC[C@@H]3[C@](CCC=C(C)C)(O)C)C)C)[C@@H]([C@H]([C@@H]1O)O)O,1,1,1,0,0,0,0,0,0,0,0,0,0,0,0,0,0,0,0,0,0,1,1,0,-6.3342798869137935
276,CC(=CCC[C@@]([C@H]1CC[C@@]2([C@@H]1[C@H](O)C[C@H]1[C@@]2(C)CC[C@@H]2[C@]1(C)CC[C@@H](C2(C)C)O)C)(O)C)C,1,1,1,0,0,0,1,0,0,1,1,0,0,0,0,0,0,0,0,0,0,1,1,1,-5.471534081478993
277,OC[C@H]1O[C@@H](O[C@H]2CC[C@]3([C@H](C2(C)C)CC[C@@]2([C@@H]3C[C@@H](O)[C@H]3[C@@]2(C)CC[C@@H]3[C@@](CCC=C(C)C)(O)C)C)C)[C@@H]([C@H]([C@@H]1O)O)O,1,1,1,0,0,0,0,0,0,0,0,0,0,0,0,0,0,0,0,0,0,1,1,0,-6.3342798869137935
278,CC(=CCC[C@]([C@H]1CC[C@@]2([C@@H]1[C@H](O)C[C@H]1[C@@]2(C)CC[C@@H]2[C@]1(C)CC[C@@H](C2(C)C)O)C)(O)C)C,1,1,1,0,0,0,1,0,0,1,1,0,0,0,0,0,0,0,0,0,0,1,1,1,-5.471534081478993
279,CCCO,1,0,0,0,0,0,1,0,0,1,0,1,0,0,0,0,0,1,0,0,0,0,0,0,-3.842359740221374
280,CCOC(=O)[C@H](Cc1ccccc1)O,1,0,0,0,1,0,1,0,0,1,0,1,0,0,0,0,0,1,0,0,0,0,0,0,-4.422064427875971
281,O[C@@H](C(=O)[O-])Cc1ccc(cc1)O,1,0,0,0,0,0,1,0,1,1,0,0,0,0,0,0,0,1,0,0,0,0,0,0,-4.422064427875971
282,OC[C@H]1O[C@@H](Oc2cc(O)c3c(c2)oc(c(c3=O)O)c2ccc(c(c2)O)O)[C@@H]([C@H]([C@@H]1O)O)O,1,1,0,0,0,0,0,0,1,1,1,0,0,0,0,0,0,0,0,0,0,0,0,0,-5.147743313529411
283,COC1CCC[C@H](C)OC(=O)Cc2c(C(=O)C1)c(O)cc(c2)O,1,0,0,0,0,0,0,0,0,1,0,0,0,0,0,0,0,1,0,0,0,1,0,0,-6.3342798869137935
284,[HH],1,0,0,0,0,0,1,0,0,1,0,1,0,0,0,0,0,1,0,0,0,0,0,0,-3.842359740221374
285,CC(C(=O)O)C,1,0,0,0,0,0,1,0,0,1,0,0,0,0,0,0,0,0,0,0,0,0,0,0,-4.422064427875971
286,Oc1cc(O)c2c(c1)oc(c(c2=O)O)c1cc(O)c(c(c1)O)O,1,1,0,0,0,0,1,0,1,1,1,0,1,0,1,0,0,1,0,0,0,1,0,0,-4.422064427875971
287,OC(=O)[C@H]1O[C@@H](Oc2ccc(cc2)C)[C@@H]([C@H]([C@@H]1O)O)O,1,0,0,0,0,0,0,0,1,1,0,0,0,0,0,0,0,0,0,0,0,0,0,0,-3.842359740221374
288,Oc1cc2oc(cc(=O)c2c(c1O)O)c1ccccc1,1,1,0,0,0,0,1,0,0,1,1,0,1,1,1,0,0,1,0,0,0,1,0,0,-4.422064427875971
289,OC(=O)[C@H]1O[C@@H](Oc2cc3oc(cc(=O)c3c(c2O)O)c2ccccc2)[C@@H]([C@H]([C@@H]1O)O)O,1,1,0,0,0,0,0,0,0,1,0,0,0,0,0,0,0,0,0,0,0,0,0,0,-5.147743313529411
290,OC[C@@H]([C@@H](Cc1ccc(c(c1)OC)O)CO)Cc1ccc(c(c1)OC)O,0,0,0,0,0,0,1,0,1,1,0,0,0,0,0,0,0,0,0,0,0,0,0,0,-5.471534081478993
291,OC[C@H]1[C@H](CO[C@@H]1c1ccc(c(c1)OC)O)Cc1ccc(c(c1)OC)O,1,1,0,0,0,0,1,0,0,1,1,0,0,0,0,0,0,0,0,0,0,0,0,0,-5.471534081478993
292,O=C1OCC(C1Cc1ccc(c(c1)O)O)Cc1ccc(c(c1)O)O,1,1,0,0,0,0,1,0,0,1,1,0,0,0,0,0,0,1,0,0,0,0,0,0,-5.471534081478993
293,Oc1ccc(cc1)/C=C/C(=O)c1c(O)cc(cc1O)O,1,1,0,0,0,0,1,1,0,1,0,0,1,0,0,0,1,1,0,0,1,1,0,0,-5.147743313529411
294,Oc1ccc(cc1)C1CC(=O)c2c(O1)cc(cc2O)O,1,1,0,0,0,0,1,0,0,1,0,0,1,1,0,0,1,1,0,0,0,1,0,0,-4.422064427875971
