,smiles,Num_HDonors,Num_HAcceptors,Mol_Weight,Mol_logp,Lipinsky_Pass
1,COc1ccc2c(c1)c(CCNC(=O)C)c[nH]2,Found 2 H-bond donors,Found 2 H-bond acceptors,Molecular weight: 232.283,Log partition coefficient: 1.8550999999999997,True
2,OC[C@H]1O[C@@H]([C@@H]([C@@H]1OP(=O)(O[C@@H](CNC(=O)CC[C@@]1(C)C2=N[C@H]([C@@H]1CC(=O)N)[C@]1(C)[N-]/C(=C(/C)\C3=N/C(=C\C4=N/C(=C\2/C)/[C@@H](CCC(=O)N)C4(C)C)/[C@H]([C@]3(C)CC(=O)N)CCC(=O)N)/[C@H]([C@]1(C)CC(=O)N)CCC(=O)N)C)[O-])O)n1cnc2c1cc(C)c(c2)C.[C-]#N.[Co+3],"Over 5 H-bond donors, found 9","Over 10 H-bond acceptors, found 20","Molecular weight over 500, calculated 1355.387999999999",Log partition coefficient: 3.409210000000008,False
3,OC[C@H]1O[C@H](O)[C@@H]([C@H]([C@@H]1O)O)O.O,Found 5 H-bond donors,Found 6 H-bond acceptors,Molecular weight: 198.171,Log partition coefficient: -4.046099999999999,True
4,OC(=O)CCCc1c[nH]c2c1cccc2,Found 2 H-bond donors,Found 1 H-bond acceptors,Molecular weight: 203.241,Log partition coefficient: 2.5752000000000006,True
5,O[C@@H]1CC[C@]2([C@@H](C1)[C@@H](O)C[C@@H]1[C@@H]2CC[C@]2([C@H]1CC[C@@H]2[C@@H](CCC(=O)O)C)C)C,Found 3 H-bond donors,Found 3 H-bond acceptors,Molecular weight: 392.58000000000015,Log partition coefficient: 4.4779000000000035,True
6,O=C[C@@H]([C@@H]([C@H]([C@@H](O)C)O)O)O.O,Found 4 H-bond donors,Found 5 H-bond acceptors,Molecular weight: 182.172,Log partition coefficient: -3.1758999999999995,True
7,Oc1ccc(cc1)CCC(=O)c1c(O)cc(cc1O)O,Found 4 H-bond donors,Found 5 H-bond acceptors,Molecular weight: 274.272,Log partition coefficient: 2.3245000000000013,True
8,O[C@@H]1CC(=C[C@H]([C@H]1O)O)C(=O)O,Found 4 H-bond donors,Found 4 H-bond acceptors,Molecular weight: 174.15199999999996,Log partition coefficient: -1.5162000000000004,True
9,OC[C@H]([C@H]([C@@H]([C@@H](CO)O)O)O)O,"Over 5 H-bond donors, found 6",Found 6 H-bond acceptors,Molecular weight: 182.17200000000003,Log partition coefficient: -3.5853999999999986,False
10,OCc1c(CO)cnc(c1O)C.Cl,Found 3 H-bond donors,Found 4 H-bond acceptors,Molecular weight: 205.641,Log partition coefficient: 0.5020199999999999,True
11,OC(=O)CCCC[C@H]1SC[C@H]2[C@@H]1NC(=O)N2,Found 3 H-bond donors,Found 3 H-bond acceptors,Molecular weight: 244.31600000000003,Log partition coefficient: 0.7968,True
12,[O-]C(=O)c1ccccc1O.[Na+],Found 1 H-bond donors,Found 3 H-bond acceptors,Molecular weight: 160.10399999999998,Log partition coefficient: -3.240299999999999,True
13,NCCc1c[nH]c2c1cccc2,Found 2 H-bond donors,Found 1 H-bond acceptors,Molecular weight: 160.22,Log partition coefficient: 1.6691,True
14,COc1cc(cc(c1O)OC)C(=O)O,Found 2 H-bond donors,Found 4 H-bond acceptors,Molecular weight: 198.17399999999998,Log partition coefficient: 1.1076,True
15,NCCCNCCCCN.Cl.Cl.Cl,Found 3 H-bond donors,Found 3 H-bond acceptors,Molecular weight: 254.633,Log partition coefficient: 0.9290999999999996,True
16,OC(=O)/C=C/c1ccccc1,Found 1 H-bond donors,Found 1 H-bond acceptors,Molecular weight: 148.161,Log partition coefficient: 1.7844,True
17,NC(=O)N,Found 2 H-bond donors,Found 1 H-bond acceptors,Molecular weight: 60.056,Log partition coefficient: -0.9762,True
18,Oc1ccc(cc1)C(=O)O,Found 2 H-bond donors,Found 2 H-bond acceptors,Molecular weight: 138.12199999999999,Log partition coefficient: 1.0904,True
19,[O-]C(=O)C[N+](C)(C)C,Found 0 H-bond donors,Found 2 H-bond acceptors,Molecular weight: 117.14799999999998,Log partition coefficient: -1.5574999999999992,True
20,OCCc1ccc(cc1)O,Found 2 H-bond donors,Found 2 H-bond acceptors,Molecular weight: 138.16599999999997,Log partition coefficient: 0.927,True
21,OC(=O)CCC(=O)O,Found 2 H-bond donors,Found 2 H-bond acceptors,Molecular weight: 118.088,Log partition coefficient: -0.06420000000000009,True
22,OC(=O)CCc1ccc(cc1)O,Found 2 H-bond donors,Found 2 H-bond acceptors,Molecular weight: 166.17600000000002,Log partition coefficient: 1.4094,True
23,Oc1ccc(c(c1)C(=O)O)O,Found 3 H-bond donors,Found 3 H-bond acceptors,Molecular weight: 154.121,Log partition coefficient: 0.796,True
24,OCCc1ccc(c(c1)O)O,Found 3 H-bond donors,Found 3 H-bond acceptors,Molecular weight: 154.165,Log partition coefficient: 0.6325999999999998,True
25,CC(=O)OCCc1ccc(c(c1)O)O,Found 2 H-bond donors,Found 4 H-bond acceptors,Molecular weight: 196.202,Log partition coefficient: 1.2033999999999998,True
26,NC(=O)NC1NC(=O)NC1=O,Found 4 H-bond donors,Found 3 H-bond acceptors,Molecular weight: 158.117,Log partition coefficient: -2.1798,True
27,O[C@@H]1CC[C@]2([C@@H](C1)C[C@H]([C@@H]1[C@@H]2CC[C@]2([C@H]1CC[C@@H]2[C@@H](CCC(=O)NCCS(=O)(=O)O)C)C)O)C,Found 4 H-bond donors,Found 5 H-bond acceptors,Molecular weight: 499.7140000000003,Log partition coefficient: 3.3973000000000013,True
28,Oc1c(O)cccc1O,Found 3 H-bond donors,Found 3 H-bond acceptors,Molecular weight: 126.11099999999996,Log partition coefficient: 0.8033999999999997,True
29,O[C@H]1[C@H](C)O[C@H]([C@@H]([C@@H]1O)O)O.O,Found 4 H-bond donors,Found 5 H-bond acceptors,Molecular weight: 182.17199999999997,Log partition coefficient: -3.0184999999999986,True
30,OC(=O)c1ccc(c(c1)O)O,Found 3 H-bond donors,Found 3 H-bond acceptors,Molecular weight: 154.12099999999998,Log partition coefficient: 0.7959999999999996,True
31,OCc1c(CO)cnc(c1O)C,Found 3 H-bond donors,Found 4 H-bond acceptors,Molecular weight: 169.17999999999998,Log partition coefficient: 0.08022000000000007,True
32,OC[C@H]1O[C@H](O[C@H]2O[C@H](CO)[C@H]([C@@H]([C@H]2O)O)O)[C@@H]([C@H]([C@@H]1O)O)O.O.O,"Over 5 H-bond donors, found 8","Over 10 H-bond acceptors, found 11",Molecular weight: 378.3270000000001,Log partition coefficient: -7.046599999999991,False
33,O[C@@H]1CC[C@]2([C@@H](C1)CC[C@@H]1[C@@H]2CC[C@]2([C@H]1CC[C@@H]2[C@@H](CCC(=O)O)C)C)C,Found 2 H-bond donors,Found 2 H-bond acceptors,Molecular weight: 376.5810000000002,"Log partition coefficient over 5, calculated 5.507100000000006",False
34,OC(=O)c1ccccc1,Found 1 H-bond donors,Found 1 H-bond acceptors,Molecular weight: 122.12299999999996,Log partition coefficient: 1.3848,True
35,NCCc1c[nH]c2c1cc(O)cc2.Cl,Found 3 H-bond donors,Found 2 H-bond acceptors,Molecular weight: 212.68,Log partition coefficient: 1.7964999999999995,True
36,OC(=O)c1ccc(cc1)N,Found 2 H-bond donors,Found 2 H-bond acceptors,Molecular weight: 137.13799999999995,Log partition coefficient: 0.9669999999999999,True
37,OC(=O)c1ccccc1O,Found 2 H-bond donors,Found 2 H-bond acceptors,Molecular weight: 138.12199999999999,Log partition coefficient: 1.0903999999999998,True
38,OC(=O)c1cc(O)c(c(c1)O)O,Found 4 H-bond donors,Found 4 H-bond acceptors,Molecular weight: 170.12,Log partition coefficient: 0.5015999999999996,True
39,O[C@@H]1CC[C@]2([C@@H](C1)CC[C@@H]1[C@@H]2C[C@H](O)[C@]2([C@H]1CC[C@@H]2[C@@H](CCC(=O)O)C)C)C,Found 3 H-bond donors,Found 3 H-bond acceptors,Molecular weight: 392.5800000000002,Log partition coefficient: 4.4779000000000035,True
40,C[C@H](CCC[C@@H](CCCC(C)C)C)CCC/C(=C/CC1=C(C)C(=O)c2c(C1=O)cccc2)/C,Found 0 H-bond donors,Found 2 H-bond acceptors,Molecular weight: 450.7070000000003,"Log partition coefficient over 5, calculated 9.157600000000002",False
41,OC(=O)/C=C/c1ccc(cc1)O,Found 2 H-bond donors,Found 2 H-bond acceptors,Molecular weight: 164.16,Log partition coefficient: 1.49,True
42,OC(=O)Cc1c[nH]c2c1cccc2,Found 2 H-bond donors,Found 1 H-bond acceptors,Molecular weight: 175.187,Log partition coefficient: 1.795,True
43,OC(=O)CCc1c[nH]c2c1cccc2,Found 2 H-bond donors,Found 1 H-bond acceptors,Molecular weight: 189.21400000000003,Log partition coefficient: 2.1851000000000003,True
44,OC(=O)Cc1ccc(cc1)O,Found 2 H-bond donors,Found 2 H-bond acceptors,Molecular weight: 152.149,Log partition coefficient: 1.0193,True
45,O[C@@H]1CC[C@]2([C@@H](C1)C[C@H]([C@@H]1[C@@H]2C[C@H](O)[C@]2([C@H]1CC[C@@H]2[C@@H](CCC(=O)NCC(=O)O)C)C)O)C,Found 5 H-bond donors,Found 5 H-bond acceptors,Molecular weight: 465.63100000000026,Log partition coefficient: 2.5648999999999997,True
46,Cc1c[nH]c2c1cccc2,Found 1 H-bond donors,Found 0 H-bond acceptors,Molecular weight: 131.178,Log partition coefficient: 2.4763200000000003,True
47,C/C(=C\CC/C(=C/CC1=C(C)C(=O)c2c(C1=O)cccc2)/C)/CC/C=C(/CCC=C(C)C)\C,Found 0 H-bond donors,Found 2 H-bond acceptors,Molecular weight: 444.65900000000033,"Log partition coefficient over 5, calculated 8.917900000000001",False
48,O[C@@H]1CC[C@]2([C@@H](C1)C[C@H]([C@@H]1[C@@H]2C[C@H](O)[C@]2([C@H]1CC[C@@H]2[C@@H](CCC(=O)NCCS(=O)(=O)[O-])C)C)O)C.[Na+].O,Found 4 H-bond donors,Found 7 H-bond acceptors,"Molecular weight over 500, calculated 555.7100000000003",Log partition coefficient: -1.795199999999993,False
49,COc1cc(ccc1O)C(=O)O,Found 2 H-bond donors,Found 3 H-bond acceptors,Molecular weight: 168.14799999999997,Log partition coefficient: 1.099,True
50,NCCc1ccccc1.Cl,Found 1 H-bond donors,Found 1 H-bond acceptors,Molecular weight: 157.64399999999998,Log partition coefficient: 1.6096,True
51,NCCc1ccccc1,Found 1 H-bond donors,Found 1 H-bond acceptors,Molecular weight: 121.18299999999995,Log partition coefficient: 1.1878,True
52,O=C(c1ccccc1)NCC(=O)O,Found 2 H-bond donors,Found 2 H-bond acceptors,Molecular weight: 179.17499999999995,Log partition coefficient: 0.501,True
53,OC(=O)Cc1ccc(c(c1)O)O,Found 3 H-bond donors,Found 3 H-bond acceptors,Molecular weight: 168.148,Log partition coefficient: 0.7248999999999999,True
54,COc1cc(ccc1O)CC(=O)O,Found 2 H-bond donors,Found 3 H-bond acceptors,Molecular weight: 182.17499999999995,Log partition coefficient: 1.0279,True
55,NCC(c1ccc(c(c1)O)O)O.Cl,Found 4 H-bond donors,Found 4 H-bond acceptors,Molecular weight: 205.641,Log partition coefficient: 0.5116999999999998,True
56,O[C@@H]1CC[C@]2([C@@H](C1)C[C@H]([C@@H]1[C@@H]2CC[C@]2([C@H]1CC[C@@H]2[C@@H](CCC(=O)NCC(=O)O)C)C)O)C,Found 4 H-bond donors,Found 4 H-bond acceptors,Molecular weight: 449.63200000000023,Log partition coefficient: 3.594100000000002,True
57,CC(C(O)C)O,Found 2 H-bond donors,Found 2 H-bond acceptors,Molecular weight: 90.122,Log partition coefficient: -0.252,True
58,[O-][N+](C)(C)C.O.O,Found 0 H-bond donors,Found 1 H-bond acceptors,Molecular weight: 111.14099999999999,Log partition coefficient: -1.4590000000000003,True
59,N#CCc1c[nH]c2c1cccc2,Found 1 H-bond donors,Found 1 H-bond acceptors,Molecular weight: 156.188,Log partition coefficient: 2.23398,True
60,O[C@H](C(=O)O)CC(C)C,Found 2 H-bond donors,Found 2 H-bond acceptors,Molecular weight: 132.159,Log partition coefficient: 0.478,True
61,O=C(CC(=O)O)CC(=O)O,Found 2 H-bond donors,Found 3 H-bond acceptors,Molecular weight: 146.09799999999998,Log partition coefficient: -0.49509999999999993,True
62,O=C(Cc1ccccc1)NCC(=O)O,Found 2 H-bond donors,Found 2 H-bond acceptors,Molecular weight: 193.20199999999994,Log partition coefficient: 0.4298999999999997,True
63,OC(=O)CCc1cccc(c1)O,Found 2 H-bond donors,Found 2 H-bond acceptors,Molecular weight: 166.176,Log partition coefficient: 1.4094,True
64,O=C(Cc1ccccc1)N[C@H](C(=O)O)CCC(=O)N,Found 3 H-bond donors,Found 3 H-bond acceptors,Molecular weight: 264.28099999999995,Log partition coefficient: 0.06400000000000061,True
65,OCc1ccc(o1)C(=O)O,Found 2 H-bond donors,Found 3 H-bond acceptors,Molecular weight: 142.10999999999999,Log partition coefficient: 0.4701,True
66,O[C@@H]1CC[C@]2([C@@H](C1)CC[C@@H]1[C@@H]2C[C@H](O)[C@]2([C@H]1CC[C@@H]2[C@@H](CCC(=O)NCC(=O)[O-])C)C)C.[Na+],Found 3 H-bond donors,Found 5 H-bond acceptors,Molecular weight: 471.6140000000003,Log partition coefficient: -0.7365999999999946,True
67,OC(=O)/C=C\C=C/C(=O)O,Found 2 H-bond donors,Found 2 H-bond acceptors,Molecular weight: 142.10999999999999,Log partition coefficient: 0.26799999999999996,True
68,OC(=O)CCCCc1ccccc1,Found 1 H-bond donors,Found 1 H-bond acceptors,Molecular weight: 178.23100000000002,Log partition coefficient: 2.484000000000001,True
69,OC(=O)/C=C/c1c[nH]c2c1cccc2,Found 2 H-bond donors,Found 1 H-bond acceptors,Molecular weight: 187.198,Log partition coefficient: 2.2657000000000007,True
70,OC[C@H](C([C@@H](CO)O)O)O,Found 5 H-bond donors,Found 5 H-bond acceptors,Molecular weight: 152.14600000000002,Log partition coefficient: -2.9462999999999995,True
71,O=C(C(=O)O)Cc1ccccc1,Found 1 H-bond donors,Found 2 H-bond acceptors,Molecular weight: 164.16,Log partition coefficient: 0.8828,True
72,O[C@@H]1CC[C@]2([C@@H](C1)C[C@@H]([C@@H]1[C@@H]2CC[C@]2([C@H]1CC[C@@H]2[C@@H](CCC(=O)NCC(=O)O)C)C)O)C,Found 4 H-bond donors,Found 4 H-bond acceptors,Molecular weight: 449.63200000000023,Log partition coefficient: 3.594100000000002,True
73,CC(C(=O)C(=O)O)C,Found 1 H-bond donors,Found 2 H-bond acceptors,Molecular weight: 116.11599999999999,Log partition coefficient: 0.29609999999999986,True
74,OC(=O)Cc1ccccc1O,Found 2 H-bond donors,Found 2 H-bond acceptors,Molecular weight: 152.14899999999997,Log partition coefficient: 1.0192999999999999,True
75,OC[C@@H]([C@H]([C@@H]([C@@H](C=O)O)O)O)O,Found 5 H-bond donors,Found 6 H-bond acceptors,Molecular weight: 180.156,Log partition coefficient: -3.378799999999999,True
76,NCCCCCNC(=O)C,Found 2 H-bond donors,Found 2 H-bond acceptors,Molecular weight: 144.218,Log partition coefficient: 0.2514999999999999,True
77,CNC.Cl,Found 1 H-bond donors,Found 1 H-bond acceptors,Molecular weight: 81.546,Log partition coefficient: 0.2573999999999999,True
78,CSCC=C,Found 0 H-bond donors,Found 1 H-bond acceptors,Molecular weight: 88.175,Log partition coefficient: 1.5354,True
79,CN.Cl,Found 1 H-bond donors,Found 1 H-bond acceptors,Molecular weight: 67.51899999999999,Log partition coefficient: -0.003299999999999914,True
80,OC(C(C(=O)O)O)C(=O)O,Found 4 H-bond donors,Found 4 H-bond acceptors,Molecular weight: 150.08599999999998,Log partition coefficient: -2.1226,True
81,OC(=O)CCC(=O)C(=O)O,Found 2 H-bond donors,Found 3 H-bond acceptors,Molecular weight: 146.098,Log partition coefficient: -0.49509999999999993,True
82,OC(=O)[C@@H](O)C,Found 2 H-bond donors,Found 2 H-bond acceptors,Molecular weight: 90.078,Log partition coefficient: -0.5482,True
83,OC(=O)CCc1ccccc1,Found 1 H-bond donors,Found 1 H-bond acceptors,Molecular weight: 150.177,Log partition coefficient: 1.7038,True
84,OCC(=O)O,Found 2 H-bond donors,Found 2 H-bond acceptors,Molecular weight: 76.051,Log partition coefficient: -0.9367000000000001,True
85,OC(=O)c1ccc(=O)[nH]c1,Found 2 H-bond donors,Found 2 H-bond acceptors,Molecular weight: 139.10999999999999,Log partition coefficient: 0.0731,True
86,OC(=O)C(CC(=O)O)CC(=O)O,Found 3 H-bond donors,Found 3 H-bond acceptors,Molecular weight: 176.124,Log partition coefficient: -0.3634000000000002,True
87,CC(CC(=O)O)C,Found 1 H-bond donors,Found 1 H-bond acceptors,Molecular weight: 102.13299999999998,Log partition coefficient: 1.1171,True
88,CSSSC,Found 0 H-bond donors,Found 3 H-bond acceptors,Molecular weight: 126.27100000000002,Log partition coefficient: 2.2756,True
89,OC(=O)c1ccc(o1)C(=O)O,Found 2 H-bond donors,Found 3 H-bond acceptors,Molecular weight: 156.093,Log partition coefficient: 0.6759999999999999,True
90,CC(c1ccccc1)C(=O)O,Found 1 H-bond donors,Found 1 H-bond acceptors,Molecular weight: 150.17699999999996,Log partition coefficient: 1.8746999999999998,True
91,O[C@@H](C(=O)O)Cc1ccccc1,Found 2 H-bond donors,Found 2 H-bond acceptors,Molecular weight: 166.176,Log partition coefficient: 0.6746000000000003,True
92,OC(=O)CCc1ccc(c(c1)O)O,Found 3 H-bond donors,Found 3 H-bond acceptors,Molecular weight: 182.175,Log partition coefficient: 1.115,True
93,O[C@@H]1CC[C@]2([C@@H](C1)C[C@H]([C@@H]1[C@@H]2CC[C@]2([C@H]1CC[C@@H]2[C@@H](CCC(=O)NCC(=O)[O-])C)C)O)C.[Na+],Found 3 H-bond donors,Found 5 H-bond acceptors,Molecular weight: 471.61400000000026,Log partition coefficient: -0.7365999999999941,True
94,NCCCCCN.Cl.Cl,Found 2 H-bond donors,Found 2 H-bond acceptors,Molecular weight: 175.10300000000004,Log partition coefficient: 0.9177,True
95,OC[C@H]1O[C@H](O[C@H]2O[C@H](CO)[C@H]([C@@H]([C@H]2O)O)O)[C@@H]([C@H]([C@@H]1O)O)O,"Over 5 H-bond donors, found 8","Over 10 H-bond acceptors, found 11",Molecular weight: 342.297,Log partition coefficient: -5.397199999999993,False
96,OC(=O)Cc1cc(O)ccc1O,Found 3 H-bond donors,Found 3 H-bond acceptors,Molecular weight: 168.148,Log partition coefficient: 0.7248999999999999,True
97,OC(=O)C(=O)O,Found 2 H-bond donors,Found 2 H-bond acceptors,Molecular weight: 90.03399999999999,Log partition coefficient: -0.8443999999999998,True
98,O[C@@H]1CC[C@]2([C@@H](C1)CC[C@@H]1[C@@H]2C[C@H](O)[C@]2([C@H]1CC[C@@H]2[C@@H](CCC(=O)[O-])C)C)C.[Na+],Found 2 H-bond donors,Found 4 H-bond acceptors,Molecular weight: 414.56200000000024,Log partition coefficient: 0.14720000000000377,True
99,O[C@@H]([C@@H](C(=O)O)O)C(=O)O,Found 4 H-bond donors,Found 4 H-bond acceptors,Molecular weight: 150.08599999999998,Log partition coefficient: -2.1226,True
100,OC(=O)C(=O)C,Found 1 H-bond donors,Found 2 H-bond acceptors,Molecular weight: 88.062,Log partition coefficient: -0.3400000000000001,True
101,OC(=O)CCCC(=O)O,Found 2 H-bond donors,Found 2 H-bond acceptors,Molecular weight: 132.115,Log partition coefficient: 0.32590000000000025,True
102,C[C@H](CC(=O)O)O,Found 2 H-bond donors,Found 2 H-bond acceptors,Molecular weight: 104.10499999999998,Log partition coefficient: -0.15810000000000002,True
103,CNC(=O)c1cccnc1,Found 1 H-bond donors,Found 2 H-bond acceptors,Molecular weight: 136.154,Log partition coefficient: 0.4412,True
104,CCCCC(C(=O)O)O,Found 2 H-bond donors,Found 2 H-bond acceptors,Molecular weight: 132.159,Log partition coefficient: 0.6220999999999999,True
105,[O-]C(=O)Cc1c[nH]c2c1cccc2.[Na+],Found 1 H-bond donors,Found 2 H-bond acceptors,Molecular weight: 197.169,Log partition coefficient: -2.5356999999999994,True
106,CSCC[C@@H](C(=O)O)NC=O,Found 2 H-bond donors,Found 3 H-bond acceptors,Molecular weight: 177.22500000000002,Log partition coefficient: -0.06130000000000013,True
107,C[C@H]([C@H](O)C)O,Found 2 H-bond donors,Found 2 H-bond acceptors,Molecular weight: 90.122,Log partition coefficient: -0.252,True
108,OS(=O)(=O)O.O=C1N=C(N(C1)C)N.NCCc1c[nH]c2c1cc(O)cc2.O,"Over 5 H-bond donors, found 6",Found 7 H-bond acceptors,Molecular weight: 405.43300000000005,Log partition coefficient: -1.3296999999999994,False
109,OC(=O)Cc1cccc(c1)O,Found 2 H-bond donors,Found 2 H-bond acceptors,Molecular weight: 152.149,Log partition coefficient: 1.0193,True
110,OC[C@H]1OC(O)[C@H]([C@H]([C@@H]1O)O)NC(=O)C,Found 5 H-bond donors,Found 6 H-bond acceptors,Molecular weight: 221.209,Log partition coefficient: -3.0775999999999986,True
111,c1ccc2c(c1)[nH]cc2,Found 1 H-bond donors,Found 0 H-bond acceptors,Molecular weight: 117.15099999999997,Log partition coefficient: 2.1678999999999995,True
112,Oc1cccc(c1)C(=O)O,Found 2 H-bond donors,Found 2 H-bond acceptors,Molecular weight: 138.12199999999999,Log partition coefficient: 1.0904,True
113,Oc1ccc(cc1)CC(=O)C(=O)O,Found 2 H-bond donors,Found 3 H-bond acceptors,Molecular weight: 180.159,Log partition coefficient: 0.5884,True
114,NCCCNCCCCN,Found 3 H-bond donors,Found 3 H-bond acceptors,Molecular weight: 145.24999999999997,Log partition coefficient: -0.3362999999999989,True
115,OCCc1sc[n+](c1C)Cc1cnc(nc1N)C.[Cl-],Found 2 H-bond donors,Found 5 H-bond acceptors,Molecular weight: 300.81500000000005,Log partition coefficient: -2.3882599999999963,True
116,[O-][N+](=O)[O-].OCCc1sc[n+](c1C)Cc1cnc(nc1N)C,Found 2 H-bond donors,Found 8 H-bond acceptors,Molecular weight: 327.3660000000001,Log partition coefficient: 0.36863999999999997,True
117,O=C1N=C(N(C1)C)N,Found 1 H-bond donors,Found 3 H-bond acceptors,Molecular weight: 113.12,Log partition coefficient: -1.2268999999999994,True
118,OCCc1sc[n+](c1C)Cc1cnc(nc1N)C.[Cl-].Cl,Found 2 H-bond donors,Found 5 H-bond acceptors,Molecular weight: 337.276,Log partition coefficient: -1.966459999999998,True
119,NCCCC[C@@H](C(=O)O)N.Cl,Found 3 H-bond donors,Found 3 H-bond acceptors,Molecular weight: 182.651,Log partition coefficient: -0.050900000000000056,True
120,OC[C@H]1O[C@@H](O)[C@@H]([C@H]([C@@H]1O[C@@H]1O[C@H](CO)[C@H]([C@@H]([C@H]1O)O)O)O)O,"Over 5 H-bond donors, found 8","Over 10 H-bond acceptors, found 11",Molecular weight: 342.297,Log partition coefficient: -5.397199999999993,False
121,OC(=O)CN(C(=NP(=O)([O-])[O-])N)C.[Na+].[Na+],Found 2 H-bond donors,Found 4 H-bond acceptors,Molecular weight: 255.078,Log partition coefficient: -8.845800000000004,True
122,NCCCNCCCCNCCCN.Cl.Cl.Cl.Cl,Found 4 H-bond donors,Found 4 H-bond acceptors,Molecular weight: 348.19,Log partition coefficient: 1.3305999999999991,True
123,OC(=O)CN(C(=N)N)C,Found 3 H-bond donors,Found 2 H-bond acceptors,Molecular weight: 131.13500000000002,Log partition coefficient: -1.1037299999999994,True
124,NCCCC[C@@H](C(=O)O)N,Found 3 H-bond donors,Found 3 H-bond acceptors,Molecular weight: 146.19,Log partition coefficient: -0.4726999999999994,True
125,OC(=O)[C@H]1CCCN1,Found 2 H-bond donors,Found 2 H-bond acceptors,Molecular weight: 115.13200000000002,Log partition coefficient: -0.177,True
126,OC(=O)CN(C(=N)N)C.O,Found 3 H-bond donors,Found 2 H-bond acceptors,Molecular weight: 149.15,Log partition coefficient: -1.9284299999999994,True
127,CN(CC(=O)O)C,Found 1 H-bond donors,Found 2 H-bond acceptors,Molecular weight: 103.12099999999998,Log partition coefficient: -0.36739999999999995,True
128,OC(=O)C1CCCCN1,Found 2 H-bond donors,Found 2 H-bond acceptors,Molecular weight: 129.15900000000002,Log partition coefficient: 0.21310000000000012,True
129,CC[C@H](C(=O)O)N,Found 2 H-bond donors,Found 2 H-bond acceptors,Molecular weight: 103.121,Log partition coefficient: -0.19169999999999987,True
130,NCCOP(=O)(O)O,Found 3 H-bond donors,Found 3 H-bond acceptors,Molecular weight: 141.063,Log partition coefficient: -0.9456000000000002,True
131,NCCCNCCCCNCCCN,Found 4 H-bond donors,Found 4 H-bond acceptors,Molecular weight: 202.34599999999995,Log partition coefficient: -0.35659999999999775,True
132,C[C@H](C(=O)O)N,Found 2 H-bond donors,Found 2 H-bond acceptors,Molecular weight: 89.09400000000001,Log partition coefficient: -0.5817999999999999,True
133,Cc1ncc(c(n1)N)C[n+]1csc(c1C)CCOP(=O)(O)O.[Cl-].O.O,Found 3 H-bond donors,Found 6 H-bond acceptors,Molecular weight: 416.82400000000007,Log partition coefficient: -3.920659999999997,True
134,OCC[C@@H](C(=O)O)N,Found 3 H-bond donors,Found 3 H-bond acceptors,Molecular weight: 119.12,Log partition coefficient: -1.2192999999999998,True
135,OC(=O)CC[C@@H](C(=O)O)NC(=O)c1ccc(cc1)NCc1cnc2c(n1)c(=O)[nH]c(n2)N,"Over 5 H-bond donors, found 6",Found 9 H-bond acceptors,Molecular weight: 441.4040000000002,Log partition coefficient: -0.044800000000000006,False
136,CC(CCC[C@H]([C@H]1CC[C@@H]2[C@]1(C)CC[C@H]1[C@H]2CC[C@@H]2[C@]1(C)CC[C@@H](C2)O)C)C,Found 1 H-bond donors,Found 1 H-bond acceptors,Molecular weight: 388.6800000000002,"Log partition coefficient over 5, calculated 7.46860000000001",False
137,N[C@@H](C(=O)O)Cc1ccccc1,Found 2 H-bond donors,Found 2 H-bond acceptors,Molecular weight: 165.192,Log partition coefficient: 0.6409999999999993,True
138,[O-]C(=O)C,Found 0 H-bond donors,Found 2 H-bond acceptors,Molecular weight: 59.044,Log partition coefficient: -1.2438,True
139,[O-]C(=O)CCC,Found 0 H-bond donors,Found 2 H-bond acceptors,Molecular weight: 87.098,Log partition coefficient: -0.46360000000000023,True
140,Oc1cc(O)c2c(c1)oc(cc2=O)c1ccc(c(c1)O)O,Found 4 H-bond donors,Found 6 H-bond acceptors,Molecular weight: 286.239,Log partition coefficient: 2.2824,True
141,CCCCC/C=C/C(=O)O[C@H]([N+](C)(C)C)CCC(=O)[O-],Found 0 H-bond donors,Found 4 H-bond acceptors,Molecular weight: 285.38399999999996,Log partition coefficient: 1.2284999999999997,True
142,O[C@@H]1CCC2([C@@H](C1)C[C@H](C1C2C[C@H](O)C2(C1CCC2C(CCC(=O)O)C)C)O)C,Found 4 H-bond donors,Found 4 H-bond acceptors,Molecular weight: 408.5790000000002,Log partition coefficient: 3.4487000000000014,True
143,[O-]C(=O)CC,Found 0 H-bond donors,Found 2 H-bond acceptors,Molecular weight: 73.071,Log partition coefficient: -0.8537000000000001,True
144,Oc1cc(O)cc(c1)O,Found 3 H-bond donors,Found 3 H-bond acceptors,Molecular weight: 126.11099999999996,Log partition coefficient: 0.8033999999999997,True
145,OS(=O)(=O)Oc1c[nH]c2c1cccc2,Found 2 H-bond donors,Found 3 H-bond acceptors,Molecular weight: 213.214,Log partition coefficient: 1.3495,True
146,Cc1ccc(cc1)OS(=O)(=O)O,Found 1 H-bond donors,Found 3 H-bond acceptors,Molecular weight: 188.20399999999998,Log partition coefficient: 1.1766199999999998,True
147,Oc1ccc(cc1)C1COc2c(C1=O)ccc(c2)O,Found 2 H-bond donors,Found 4 H-bond acceptors,Molecular weight: 256.25699999999995,Log partition coefficient: 2.456700000000001,True
148,Oc1ccc(cc1)[C@H]1COc2c(C1)ccc(c2)O,Found 2 H-bond donors,Found 3 H-bond acceptors,Molecular weight: 242.27399999999997,Log partition coefficient: 2.816500000000001,True
149,CC(=O)OC(C(=O)O)C,Found 1 H-bond donors,Found 3 H-bond acceptors,Molecular weight: 132.11499999999998,Log partition coefficient: 0.022599999999999898,True
150,CC(=O)C(O)C,Found 1 H-bond donors,Found 2 H-bond acceptors,Molecular weight: 88.106,Log partition coefficient: -0.043800000000000006,True
151,CC(=O)C(=O)C,Found 0 H-bond donors,Found 2 H-bond acceptors,Molecular weight: 86.08999999999999,Log partition coefficient: 0.1644,True
152,CN(C)C,Found 0 H-bond donors,Found 1 H-bond acceptors,Molecular weight: 59.111999999999995,Log partition coefficient: 0.17779999999999996,True
153,COc1ccc(cc1O)CCC(=O)O,Found 2 H-bond donors,Found 3 H-bond acceptors,Molecular weight: 196.20199999999994,Log partition coefficient: 1.418,True
154,COc1ccc(cc1O)CCC(=O)c1c(O)cc(cc1O)O,Found 4 H-bond donors,Found 6 H-bond acceptors,Molecular weight: 304.29799999999994,Log partition coefficient: 2.3331000000000017,True
155,[O-]C(=O)CCC(=O)[O-],Found 0 H-bond donors,Found 4 H-bond acceptors,Molecular weight: 116.07199999999999,Log partition coefficient: -2.733599999999999,True
156,Oc1ccc(cc1)C(C(=O)c1ccc(cc1O)O)C,Found 3 H-bond donors,Found 4 H-bond acceptors,Molecular weight: 258.27299999999997,Log partition coefficient: 2.7898000000000014,True
157,OC(Cc1c(O)cc(cc1O)O)Cc1ccc(c(c1)O)O,"Over 5 H-bond donors, found 6",Found 6 H-bond acceptors,Molecular weight: 292.287,Log partition coefficient: 1.3606999999999996,False
158,[O-][N+](C)(C)C,Found 0 H-bond donors,Found 1 H-bond acceptors,Molecular weight: 75.11099999999999,Log partition coefficient: 0.1903999999999999,True
159,OC(=O)[C@H](O)C,Found 2 H-bond donors,Found 2 H-bond acceptors,Molecular weight: 90.078,Log partition coefficient: -0.5482,True
160,OC(=O)/C=C/c1ccc(c(c1)O)O,Found 3 H-bond donors,Found 3 H-bond acceptors,Molecular weight: 180.159,Log partition coefficient: 1.1955999999999998,True
161,OCC(COC(=O)/C=C/c1ccc(c(c1)O)O)O,Found 4 H-bond donors,Found 6 H-bond acceptors,Molecular weight: 254.238,Log partition coefficient: 0.007399999999999962,True
162,OCCc1cccc(c1)O,Found 2 H-bond donors,Found 2 H-bond acceptors,Molecular weight: 138.16599999999997,Log partition coefficient: 0.9269999999999998,True
163,OC(=O)Cc1ccccc1,Found 1 H-bond donors,Found 1 H-bond acceptors,Molecular weight: 136.14999999999998,Log partition coefficient: 1.3137,True
164,OC[C@H]1O[C@@H](Oc2c(oc3c(c2=O)c(O)cc(c3)O)c2ccc(c(c2)O)O)[C@@H]([C@H]([C@@H]1O)O)O,"Over 5 H-bond donors, found 8","Over 10 H-bond acceptors, found 12",Molecular weight: 464.3790000000001,Log partition coefficient: -0.5389,False
165,Oc1ccc(cc1)C1COc2c(C1)c(O)cc(c2)O,Found 3 H-bond donors,Found 4 H-bond acceptors,Molecular weight: 258.27299999999997,Log partition coefficient: 2.5221000000000013,True
166,OC(=O)[C@H](c1ccc(cc1)O)C,Found 2 H-bond donors,Found 2 H-bond acceptors,Molecular weight: 166.176,Log partition coefficient: 1.5803,True
167,CC(=CCc1c(O)cc(c2c1O[C@@H](CC2=O)c1ccc(cc1)O)O)C,Found 3 H-bond donors,Found 5 H-bond acceptors,Molecular weight: 340.375,Log partition coefficient: 4.018600000000004,True
168,C[C@@H](C(=O)O)N,Found 2 H-bond donors,Found 2 H-bond acceptors,Molecular weight: 89.09400000000001,Log partition coefficient: -0.5817999999999999,True
169,N[C@H](C(=O)O)CC(C)C,Found 2 H-bond donors,Found 2 H-bond acceptors,Molecular weight: 131.17499999999998,Log partition coefficient: 0.44439999999999946,True
170,CC[C@@H]([C@@H](C(=O)O)N)C,Found 2 H-bond donors,Found 2 H-bond acceptors,Molecular weight: 131.175,Log partition coefficient: 0.44439999999999996,True
171,NCC(=O)O,Found 2 H-bond donors,Found 2 H-bond acceptors,Molecular weight: 75.067,Log partition coefficient: -0.9702999999999999,True
172,OC(=O)[C@@H]1CCCN1,Found 2 H-bond donors,Found 2 H-bond acceptors,Molecular weight: 115.13200000000002,Log partition coefficient: -0.177,True
173,OC[C@@H](C(=O)O)N,Found 3 H-bond donors,Found 3 H-bond acceptors,Molecular weight: 105.093,Log partition coefficient: -1.6094,True
174,OC[C@H]([C@H]([C@H]([C@@H](C(=O)CO)O)O)O)O,"Over 5 H-bond donors, found 6",Found 7 H-bond acceptors,Molecular weight: 210.18200000000002,Log partition coefficient: -4.016299999999998,False
175,OC(=O)C(CC(=O)O)(CC(=O)O)O,Found 4 H-bond donors,Found 4 H-bond acceptors,Molecular weight: 192.123,Log partition coefficient: -1.2485,True
176,OC(=O)CC(C(=O)O)O,Found 3 H-bond donors,Found 3 H-bond acceptors,Molecular weight: 134.087,Log partition coefficient: -1.0933999999999997,True
177,OCc1cnc(c(c1C(=O)O)O)C,Found 3 H-bond donors,Found 4 H-bond acceptors,Molecular weight: 183.16299999999998,Log partition coefficient: 0.28611999999999993,True
178,OC[C@@H]([C@@H](Cc1cccc(c1)O)CO)Cc1cccc(c1)O,Found 4 H-bond donors,Found 4 H-bond acceptors,Molecular weight: 302.37,Log partition coefficient: 2.1,True
179,[O-]C(=O)C(O)C,Found 1 H-bond donors,Found 3 H-bond acceptors,Molecular weight: 89.07,Log partition coefficient: -1.8828999999999996,True
180,Oc1ccc(cc1)c1coc2c(c1=O)ccc(c2)O,Found 2 H-bond donors,Found 4 H-bond acceptors,Molecular weight: 254.24099999999999,Log partition coefficient: 2.8712000000000013,True
181,OC(=O)[C@H](Cc1ccc(c(c1)O)O)N,Found 4 H-bond donors,Found 4 H-bond acceptors,Molecular weight: 197.19,Log partition coefficient: 0.052200000000000024,True
182,[O-]S(=O)(=O)[O-],Found 0 H-bond donors,Found 4 H-bond acceptors,Molecular weight: 96.06299999999999,Log partition coefficient: -1.3379999999999996,True
183,COc1ccc(cc1)c1oc2c(CC=C(C)C)c(O)cc(c2c(=O)c1O[C@@H]1O[C@@H](C)[C@@H]([C@H]([C@H]1O)O)O)O,Found 5 H-bond donors,Found 10 H-bond acceptors,"Molecular weight over 500, calculated 514.5270000000002",Log partition coefficient: 2.594800000000003,False
184,COc1ccc(cc1)c1oc2c(CC=C(C)C)c(O)cc(c2c(=O)c1O)O,Found 3 H-bond donors,Found 6 H-bond acceptors,Molecular weight: 368.38500000000005,Log partition coefficient: 4.0941000000000045,True
185,[O-]C=O,Found 0 H-bond donors,Found 2 H-bond acceptors,Molecular weight: 45.016999999999996,Log partition coefficient: -1.6339000000000001,True
186,[O-]C(=O)[C@@H](O)C,Found 1 H-bond donors,Found 3 H-bond acceptors,Molecular weight: 89.07,Log partition coefficient: -1.8828999999999996,True
187,CCO,Found 1 H-bond donors,Found 1 H-bond acceptors,Molecular weight: 46.069,Log partition coefficient: -0.0014000000000000123,True
188,OCC1(CO)[C@@H](O[C@@H]2O[C@H](CO)[C@H]([C@@H]([C@H]2O)O)O)[C@@H](O)C[C@]2([C@H]1CC[C@@]1([C@@H]2CC=C2[C@@]1(C)C[C@@H](O)[C@@]1([C@H]2CC(CC1)(C)C)C(=O)O[C@@H]1OC[C@@H]([C@@H]([C@H]1O[C@@H]1O[C@@H](C)[C@@H]([C@H]([C@H]1O)O)O[C@@H]1OC[C@H]([C@@H]([C@H]1O)O[C@@H]1OC[C@]([C@H]1O)(O)CO)O)O)O)C)C,"Over 5 H-bond donors, found 17","Over 10 H-bond acceptors, found 28","Molecular weight over 500, calculated 1225.3350000000005",Log partition coefficient: -5.378200000000008,False
189,Oc1cc(O)c2c(c1)oc(cc2=O)c1ccccc1,Found 2 H-bond donors,Found 4 H-bond acceptors,Molecular weight: 254.24099999999999,Log partition coefficient: 2.871200000000001,True
190,Oc1ccc(cc1)c1cc(=O)c2c(o1)cc(cc2O)O,Found 3 H-bond donors,Found 5 H-bond acceptors,Molecular weight: 270.23999999999995,Log partition coefficient: 2.5768000000000004,True
191,Oc1ccc2c(c1)oc(=O)c1c2cc(O)cc1,Found 2 H-bond donors,Found 4 H-bond acceptors,Molecular weight: 228.203,Log partition coefficient: 2.3574,True
192,CC(=O)C(=O)[O-],Found 0 H-bond donors,Found 3 H-bond acceptors,Molecular weight: 87.05399999999999,Log partition coefficient: -1.6747000000000003,True
193,CC(=O)OP(=O)([O-])[O-],Found 0 H-bond donors,Found 5 H-bond acceptors,Molecular weight: 138.015,Log partition coefficient: -1.6218000000000001,True
194,O=C1Nc2c(C1C)cccc2,Found 1 H-bond donors,Found 1 H-bond acceptors,Molecular weight: 147.177,Log partition coefficient: 1.7422,True
195,OC(=O)Cc1c[nH]c2c1cc(O)cc2,Found 3 H-bond donors,Found 2 H-bond acceptors,Molecular weight: 191.186,Log partition coefficient: 1.5006,True
196,OC(=O)c1c[nH]c2c1cccc2,Found 2 H-bond donors,Found 1 H-bond acceptors,Molecular weight: 161.16,Log partition coefficient: 1.8660999999999999,True
197,O=C1Cc2c(N1)cccc2,Found 1 H-bond donors,Found 1 H-bond acceptors,Molecular weight: 133.14999999999998,Log partition coefficient: 1.1811999999999998,True
198,OC(=O)c1cc(=O)c2c([nH]1)cccc2,Found 2 H-bond donors,Found 2 H-bond acceptors,Molecular weight: 189.17000000000002,Log partition coefficient: 1.2263,True
199,N[C@H](C(=O)O)Cc1cnc[nH]1,Found 3 H-bond donors,Found 3 H-bond acceptors,Molecular weight: 155.157,Log partition coefficient: -0.6359000000000001,True
200,N[C@H](C(=O)O)CS,Found 3 H-bond donors,Found 3 H-bond acceptors,Molecular weight: 121.16099999999999,Log partition coefficient: -0.6719000000000002,True
201,NC(C(=O)O)CSSCC(C(=O)O)N,Found 4 H-bond donors,Found 6 H-bond acceptors,Molecular weight: 240.30599999999998,Log partition coefficient: -0.8083999999999998,True
202,SC[C@@H](C(=O)NCC(=O)O)NC(=O)CC[C@@H](C(=O)O)N,"Over 5 H-bond donors, found 6",Found 6 H-bond acceptors,Molecular weight: 307.32800000000003,Log partition coefficient: -2.2060999999999975,False
203,NC(=O)C[C@@H](C(=O)O)N,Found 3 H-bond donors,Found 3 H-bond acceptors,Molecular weight: 132.11899999999997,Log partition coefficient: -1.7262999999999993,True
204,CC(C(=O)O)N,Found 2 H-bond donors,Found 2 H-bond acceptors,Molecular weight: 89.09400000000001,Log partition coefficient: -0.5817999999999999,True
205,OC(=O)C(Cc1c[nH]c2c1cc(O)cc2)O,Found 4 H-bond donors,Found 3 H-bond acceptors,Molecular weight: 221.21200000000002,Log partition coefficient: 0.8614999999999999,True
206,OC(=O)C(Cc1c[nH]c2c1cccc2)O,Found 3 H-bond donors,Found 2 H-bond acceptors,Molecular weight: 205.21300000000002,Log partition coefficient: 1.1559,True
207,OC(=O)C(Cc1ccc(cc1)O)O,Found 3 H-bond donors,Found 3 H-bond acceptors,Molecular weight: 182.175,Log partition coefficient: 0.3801999999999999,True
208,OC(=O)C(Cc1ccc(c(c1)O)O)O,Found 4 H-bond donors,Found 4 H-bond acceptors,Molecular weight: 198.174,Log partition coefficient: 0.08579999999999999,True
209,OC(=O)c1cccnc1,Found 1 H-bond donors,Found 2 H-bond acceptors,Molecular weight: 123.11099999999998,Log partition coefficient: 0.7797999999999999,True
210,[O-]C(=O)C[C@H](O)C,Found 1 H-bond donors,Found 3 H-bond acceptors,Molecular weight: 103.09699999999998,Log partition coefficient: -1.4928000000000003,True
211,OC(=O)C1=CC(=O)C(O1)(C)c1ccccc1,Found 1 H-bond donors,Found 3 H-bond acceptors,Molecular weight: 218.208,Log partition coefficient: 1.4696,True
212,C[C@@H](CC(=O)O)O,Found 2 H-bond donors,Found 2 H-bond acceptors,Molecular weight: 104.10499999999998,Log partition coefficient: -0.15810000000000002,True
213,[O-]C(=O)CC(O)C.[Na+],Found 1 H-bond donors,Found 3 H-bond acceptors,Molecular weight: 126.08699999999997,Log partition coefficient: -4.488799999999999,True
214,COc1ccc(cc1O)c1cc(=O)c2c(o1)cc(cc2O)O,Found 3 H-bond donors,Found 6 H-bond acceptors,Molecular weight: 300.26599999999996,Log partition coefficient: 2.585400000000001,True
215,COc1ccc(cc1)c1cc(=O)c2c(o1)cc(cc2O)O,Found 2 H-bond donors,Found 5 H-bond acceptors,Molecular weight: 284.26699999999994,Log partition coefficient: 2.8798000000000012,True
216,CCCCC(=O)[O-],Found 0 H-bond donors,Found 2 H-bond acceptors,Molecular weight: 101.12499999999999,Log partition coefficient: -0.07350000000000012,True
217,O[C@@H]1CC[C@]2([C@@H](C1)C[C@H]([C@@H]1[C@@H]2C[C@H](O)[C@]2([C@H]1CC[C@@H]2[C@@H](CCC(=O)NCCS(=O)(=O)O)C)C)O)C,Found 5 H-bond donors,Found 6 H-bond acceptors,"Molecular weight over 500, calculated 515.7130000000003",Log partition coefficient: 2.368100000000001,False
218,Oc1ccc(cc1)CCc1cc(O)cc(c1)O,Found 3 H-bond donors,Found 3 H-bond acceptors,Molecular weight: 230.263,Log partition coefficient: 2.588600000000002,True
219,Oc1ccc(cc1)CCc1cccc(c1)O,Found 2 H-bond donors,Found 2 H-bond acceptors,Molecular weight: 214.264,Log partition coefficient: 2.8830000000000022,True
220,Oc1ccc(cc1O)/C=C/c1ccccc1,Found 2 H-bond donors,Found 2 H-bond acceptors,Molecular weight: 212.24800000000002,Log partition coefficient: 3.268200000000002,True
221,CCCCCC(=O)c1c(O)cc(c(c1O)Cl)OC,Found 2 H-bond donors,Found 4 H-bond acceptors,Molecular weight: 272.728,Log partition coefficient: 3.522800000000002,True
222,C[C@H]1CCC(=N1)C1=C(CC(=O)NCc2scc(n2)C(=O)C(=O)c2scc(n2)C(=O)CNC(=O)CC2=C(C3=N[C@H](CC3)C)C(=O)NC32CC3)C2(NC1=O)CC2,Found 4 H-bond donors,"Over 10 H-bond acceptors, found 13","Molecular weight over 500, calculated 770.8939999999997",Log partition coefficient: 2.5251,False
223,OC[C@H]1O[C@]([C@H]([C@@H]1O)O)(O)CO,Found 5 H-bond donors,Found 6 H-bond acceptors,Molecular weight: 180.15599999999998,Log partition coefficient: -3.219799999999999,True
224,Oc1ccc(cc1)c1coc2c(c1=O)c(O)cc(c2)O,Found 3 H-bond donors,Found 5 H-bond acceptors,Molecular weight: 270.23999999999995,Log partition coefficient: 2.576800000000001,True
225,Oc1ccc(cc1)C1COc2c(C1=O)c(O)cc(c2)O,Found 3 H-bond donors,Found 5 H-bond acceptors,Molecular weight: 272.256,Log partition coefficient: 2.1623000000000006,True
226,OC[C@H]1OC(O)[C@H]([C@H]([C@@H]1O)O)O,Found 5 H-bond donors,Found 6 H-bond acceptors,Molecular weight: 180.156,Log partition coefficient: -3.2213999999999996,True
227,Brc1ccc(c(c1)Br)Oc1ccc(cc1Br)Br,Found 0 H-bond donors,Found 1 H-bond acceptors,Molecular weight: 485.795,"Log partition coefficient over 5, calculated 6.528900000000002",False
228,Brc1ccc(c(c1)Br)Oc1cc(Br)c(cc1Br)Br,Found 0 H-bond donors,Found 1 H-bond acceptors,"Molecular weight over 500, calculated 564.691","Log partition coefficient over 5, calculated 7.291400000000002",False
229,CC(=O)OCc1c2ccccc2c(c2c1cccc2)COC(=O)C,Found 0 H-bond donors,Found 4 H-bond acceptors,Molecular weight: 322.3600000000001,Log partition coefficient: 4.119200000000004,True
230,CCCCCCCCCCCCCCCC(=O)O,Found 1 H-bond donors,Found 1 H-bond acceptors,Molecular weight: 256.4299999999999,"Log partition coefficient over 5, calculated 5.552300000000005",False
231,OC1O[C@H](C(=O)O)[C@H]([C@@H]([C@H]1O)O)O,Found 5 H-bond donors,Found 6 H-bond acceptors,Molecular weight: 194.139,Log partition coefficient: -3.129099999999999,True
232,C/C(=C\C=C\C(=C\C(=O)O)\C)/C=C/C1=C(C)CCCC1(C)C,Found 1 H-bond donors,Found 1 H-bond acceptors,Molecular weight: 300.44200000000006,"Log partition coefficient over 5, calculated 5.602600000000005",False
233,CCCCC/C=C\CC(=O)CCCCCCCCC(=O)O,Found 1 H-bond donors,Found 2 H-bond acceptors,Molecular weight: 296.4509999999999,"Log partition coefficient over 5, calculated 5.287500000000004",False
234,CCc1ccc(nc1)CCOc1ccc(cc1)CC1SC(=O)NC1=O,Found 1 H-bond donors,Found 5 H-bond acceptors,Molecular weight: 356.44700000000006,Log partition coefficient: 3.159600000000001,True
235,O[C@H]1[C@@H](O[C@H]([C@@H]([C@H]1O)O)C)Oc1c(oc2c(c1=O)c(O)c(c(c2)O)O)c1ccc(c(c1)O)O,"Over 5 H-bond donors, found 8","Over 10 H-bond acceptors, found 12",Molecular weight: 464.37900000000013,Log partition coefficient: 0.19429999999999892,False
236,Oc1cc(O)c2c(c1)oc(c(c2=O)O)c1ccc(c(c1)O)O,Found 5 H-bond donors,Found 7 H-bond acceptors,Molecular weight: 302.23799999999994,Log partition coefficient: 1.9879999999999995,True
237,OC[C@H]1O[C@@H](Oc2c3cc4cc2Oc2ccc(cc2Cl)[C@@H](O)[C@@H]2NC(=O)[C@H](NC(=O)[C@@H]4NC(=O)[C@H](CC(=O)N)NC(=O)[C@@H]([C@@H](c4ccc(O3)c(Cl)c4)O)NC(=O)[C@@H](CC(C)C)NC)c3ccc(c(-c4c(O)cc(cc4[C@H](NC2=O)C(=O)O)O)c3)O)[C@@H]([C@H]([C@@H]1O)O)O[C@@H]1O[C@@H](C)[C@H]([C@@](C1)(C)N)O,"Over 5 H-bond donors, found 19","Over 10 H-bond acceptors, found 25","Molecular weight over 500, calculated 1449.271",Log partition coefficient: 0.10620000000000868,False
238,C[C@@H]1CC[C@@]2(OC1)O[C@@H]1[C@H]([C@@H]2C)[C@@]2([C@@H](C1)[C@@H]1CC=C3[C@]([C@H]1CC2)(C)CC[C@@H](C3)O)C,Found 1 H-bond donors,Found 3 H-bond acceptors,Molecular weight: 414.6300000000003,"Log partition coefficient over 5, calculated 5.713900000000008",False
239,Oc1ccc(cc1)O,Found 2 H-bond donors,Found 2 H-bond acceptors,Molecular weight: 110.11199999999998,Log partition coefficient: 1.0977999999999999,True
240,Oc1ccc(cc1)c1coc2c(c1=O)cc(c(c2)O)O,Found 3 H-bond donors,Found 5 H-bond acceptors,Molecular weight: 270.23999999999995,Log partition coefficient: 2.5768000000000013,True
241,O=C1CCCC(O1)c1ccc(c(c1)O)O,Found 2 H-bond donors,Found 4 H-bond acceptors,Molecular weight: 208.213,Log partition coefficient: 1.8660000000000005,True
242,OC(Cc1ccc(c(c1)O)O)CCC(=O)O,Found 4 H-bond donors,Found 4 H-bond acceptors,Molecular weight: 226.22799999999995,Log partition coefficient: 0.8659999999999999,True
243,COc1cc2c(cc1O)OCC(C2=O)c1ccc(cc1)O,Found 2 H-bond donors,Found 5 H-bond acceptors,Molecular weight: 286.28299999999996,Log partition coefficient: 2.4653000000000005,True
244,OC1[C@H](O)CC(C[C@H]1O)(O)C(=O)O,Found 5 H-bond donors,Found 5 H-bond acceptors,Molecular weight: 192.167,Log partition coefficient: -2.321399999999999,True
245,OC(=O)CC(=O)C(=O)O,Found 2 H-bond donors,Found 3 H-bond acceptors,Molecular weight: 132.071,Log partition coefficient: -0.8851999999999998,True
246,Oc1cc(O)c2c(c1)oc1c(c2=O)cc(c(c1)O)O,Found 4 H-bond donors,Found 6 H-bond acceptors,Molecular weight: 260.20099999999996,Log partition coefficient: 1.7686000000000002,True
247,NCCc1c[nH]c2c1cc(O)cc2,Found 3 H-bond donors,Found 2 H-bond acceptors,Molecular weight: 176.219,Log partition coefficient: 1.3746999999999998,True
248,Oc1cc2OC(c3ccc(c(c3)O)O)C(C(c2c(c1)O)O)O,"Over 5 H-bond donors, found 6",Found 7 H-bond acceptors,Molecular weight: 306.27,Log partition coefficient: 1.0369999999999997,False
249,OCC(CO)O,Found 3 H-bond donors,Found 3 H-bond acceptors,Molecular weight: 92.094,Log partition coefficient: -1.6681000000000001,True
250,COC(=O)C1=CO[C@H]([C@H]2[C@@H]1CC=C2CO)O,Found 2 H-bond donors,Found 5 H-bond acceptors,Molecular weight: 226.22799999999998,Log partition coefficient: -0.053300000000000125,True
251,O=Cc1c[nH]c2c1cccc2,Found 1 H-bond donors,Found 1 H-bond acceptors,Molecular weight: 145.16099999999997,Log partition coefficient: 1.9804,True
252,CCCCCC/C=C/C(=O)CCCCCCCCC(=O)O,Found 1 H-bond donors,Found 2 H-bond acceptors,Molecular weight: 296.4509999999999,"Log partition coefficient over 5, calculated 5.287500000000005",False
253,COc1ccc(cc1)C1CC(=O)c2c(O1)cc(cc2[O-])O,Found 1 H-bond donors,Found 5 H-bond acceptors,Molecular weight: 285.275,Log partition coefficient: 2.1809,True
254,OC[C@H]1O[C@@H](O[C@@H]2[C@@H](CO)OC([C@@H]([C@H]2O)O)O)[C@@H]([C@H]([C@H]1O)O[C@@H]1O[C@H](CO)[C@H]([C@@H]([C@H]1NC(=O)C)O[C@@H]1O[C@H](CO)[C@@H]([C@@H]([C@H]1O)O)O)O)O,"Over 5 H-bond donors, found 14","Over 10 H-bond acceptors, found 21","Molecular weight over 500, calculated 707.6320000000006",Log partition coefficient: -9.605000000000015,False
255,OC[C@H]1O[C@@H](O[C@H]2[C@@H](O)[C@@H](CO)O[C@H]([C@@H]2O)O[C@@H]2[C@@H](CO)OC([C@@H]([C@H]2O)O)O)[C@@H]([C@H]([C@@H]1O[C@@H]1O[C@H](CO)[C@@H]([C@@H]([C@H]1O)O)O)O)NC(=O)C,"Over 5 H-bond donors, found 14","Over 10 H-bond acceptors, found 21","Molecular weight over 500, calculated 707.6320000000004",Log partition coefficient: -9.605000000000013,False
256,O=C(C(=O)O)CC(=O)C(=O)O,Found 2 H-bond donors,Found 4 H-bond acceptors,Molecular weight: 160.081,Log partition coefficient: -1.3161,True
257,Oc1ccc(cc1)C(C(=O)c1c(O)cc(cc1O)O)C,Found 4 H-bond donors,Found 5 H-bond acceptors,Molecular weight: 274.272,Log partition coefficient: 2.495400000000001,True
258,OC(=O)CCc1ccc(cc1O)O,Found 3 H-bond donors,Found 3 H-bond acceptors,Molecular weight: 182.175,Log partition coefficient: 1.115,True
259,OC(Cc1ccccc1)Cc1ccccc1,Found 1 H-bond donors,Found 1 H-bond acceptors,Molecular weight: 212.29199999999997,Log partition coefficient: 2.832700000000001,True
260,O[C@@H](C[C@H](C(=O)N[C@@H]1[C@H](O)Cc2c1cccc2)Cc1ccccc1)CN1CCN(C[C@H]1C(=O)NC(C)(C)C)Cc1cnc2c(c1)cco2,Found 4 H-bond donors,Found 8 H-bond acceptors,"Molecular weight over 500, calculated 653.8240000000002",Log partition coefficient: 3.613100000000002,False
261,NCCc1ccc(c(c1)O)O,Found 3 H-bond donors,Found 3 H-bond acceptors,Molecular weight: 153.18099999999998,Log partition coefficient: 0.5989999999999998,True
262,Cn1c(N)nc2c1cc(cn2)c1ccccc1,Found 1 H-bond donors,Found 4 H-bond acceptors,Molecular weight: 224.26700000000002,Log partition coefficient: 2.2175000000000002,True
263,OC1CC[n+]2c(N1)n(C)c1c2ncc(c1)c1ccccc1.[Cl-],Found 2 H-bond donors,Found 4 H-bond acceptors,Molecular weight: 316.79200000000003,Log partition coefficient: -1.3341999999999987,True
264,Oc1cc(O)c2c(c1)oc(c(c2=O)O[C@@H]1O[C@@H](C)[C@@H]([C@H]([C@H]1O)O)O)c1ccc(c(c1)O)O,"Over 5 H-bond donors, found 7","Over 10 H-bond acceptors, found 11",Molecular weight: 448.38000000000005,Log partition coefficient: 0.4886999999999991,False
265,Oc1ccc2c(c1)oc(=O)c1c2ccc(c1)O,Found 2 H-bond donors,Found 4 H-bond acceptors,Molecular weight: 228.203,Log partition coefficient: 2.3574000000000006,True
266,OC[C@H]1O[C@@H](O[C@H]2C[C@]3(C)[C@@H]([C@@]4([C@@H]2C(C)(C)[C@@H](O)CC4)C)C[C@H]([C@H]2[C@@]3(C)CC[C@@H]2[C@@](O[C@@H]2O[C@H](CO)[C@H]([C@@H]([C@H]2O)O)O)(CCC=C(C)C)C)O)[C@@H]([C@H]([C@@H]1O)O)O[C@@H]1O[C@H](CO)[C@H]([C@@H]([C@H]1O)O)O,"Over 5 H-bond donors, found 13","Over 10 H-bond acceptors, found 19","Molecular weight over 500, calculated 963.1650000000009",Log partition coefficient: -1.0559999999999896,False
267,COC(=O)C1=CO[C@H]([C@H]2[C@@H]1C[C@@H]([C@@H]2C)O)O,Found 2 H-bond donors,Found 5 H-bond acceptors,Molecular weight: 228.244,Log partition coefficient: 0.025000000000000022,True
268,COc1cc(ccc1OC)C[C@H]1COC(=O)[C@@H]1Cc1ccc(c(c1)OC)O,Found 1 H-bond donors,Found 6 H-bond acceptors,Molecular weight: 372.4170000000001,Log partition coefficient: 2.9924000000000013,True
269,O[C@@H]1CC[C@]2([C@@H](C1)C[C@@H]([C@@H]1[C@@H]2CC[C@]2([C@H]1CC[C@@H]2[C@@H](CCC(=O)O)C)C)O)C,Found 3 H-bond donors,Found 3 H-bond acceptors,Molecular weight: 392.58000000000015,Log partition coefficient: 4.477900000000004,True
270,N[C@H](C(=O)O)Cc1ccccc1,Found 2 H-bond donors,Found 2 H-bond acceptors,Molecular weight: 165.192,Log partition coefficient: 0.6409999999999993,True
271,OC(=O)CC[C@@H](C(=O)O)N,Found 3 H-bond donors,Found 3 H-bond acceptors,Molecular weight: 147.13,Log partition coefficient: -0.7368999999999997,True
272,C[C@H]([C@@H](C(=O)O)N)O,Found 3 H-bond donors,Found 3 H-bond acceptors,Molecular weight: 119.11999999999999,Log partition coefficient: -1.2208999999999997,True
273,COc1cc2c(cc1O)occ(c2=O)c1ccc(cc1)O,Found 2 H-bond donors,Found 5 H-bond acceptors,Molecular weight: 284.267,Log partition coefficient: 2.8798000000000017,True
274,Oc1ccc(cc1)c1oc2cc(O)cc(c2c(=O)c1O)O,Found 4 H-bond donors,Found 6 H-bond acceptors,Molecular weight: 286.239,Log partition coefficient: 2.2824,True
275,NC(=O)c1c(O)nc[nH]1,Found 3 H-bond donors,Found 3 H-bond acceptors,Molecular weight: 127.10299999999998,Log partition coefficient: -0.7858000000000003,True
276,OC[C@H]1O[C@@H](O[C@H]2CC[C@]3([C@H](C2(C)C)CC[C@@]2([C@@H]3C[C@@H](O)[C@H]3[C@@]2(C)CC[C@@H]3[C@](CCC=C(C)C)(O)C)C)C)[C@@H]([C@H]([C@@H]1O)O)O,"Over 5 H-bond donors, found 6",Found 8 H-bond acceptors,"Molecular weight over 500, calculated 622.8840000000005",Log partition coefficient: 4.324800000000007,False
277,CC(=CCC[C@@]([C@H]1CC[C@@]2([C@@H]1[C@H](O)C[C@H]1[C@@]2(C)CC[C@@H]2[C@]1(C)CC[C@@H](C2(C)C)O)C)(O)C)C,Found 3 H-bond donors,Found 3 H-bond acceptors,Molecular weight: 460.74300000000034,"Log partition coefficient over 5, calculated 6.500600000000009",False
278,OC[C@H]1O[C@@H](O[C@H]2CC[C@]3([C@H](C2(C)C)CC[C@@]2([C@@H]3C[C@@H](O)[C@H]3[C@@]2(C)CC[C@@H]3[C@@](CCC=C(C)C)(O)C)C)C)[C@@H]([C@H]([C@@H]1O)O)O,"Over 5 H-bond donors, found 6",Found 8 H-bond acceptors,"Molecular weight over 500, calculated 622.8840000000005",Log partition coefficient: 4.324800000000007,False
279,CC(=CCC[C@]([C@H]1CC[C@@]2([C@@H]1[C@H](O)C[C@H]1[C@@]2(C)CC[C@@H]2[C@]1(C)CC[C@@H](C2(C)C)O)C)(O)C)C,Found 3 H-bond donors,Found 3 H-bond acceptors,Molecular weight: 460.74300000000034,"Log partition coefficient over 5, calculated 6.500600000000009",False
280,CCCO,Found 1 H-bond donors,Found 1 H-bond acceptors,Molecular weight: 60.096,Log partition coefficient: 0.3887,True
281,CCOC(=O)[C@H](Cc1ccccc1)O,Found 1 H-bond donors,Found 3 H-bond acceptors,Molecular weight: 194.23000000000002,Log partition coefficient: 1.1531,True
282,O[C@@H](C(=O)[O-])Cc1ccc(cc1)O,Found 2 H-bond donors,Found 4 H-bond acceptors,Molecular weight: 181.167,Log partition coefficient: -0.9545000000000001,True
283,OC[C@H]1O[C@@H](Oc2cc(O)c3c(c2)oc(c(c3=O)O)c2ccc(c(c2)O)O)[C@@H]([C@H]([C@@H]1O)O)O,"Over 5 H-bond donors, found 8","Over 10 H-bond acceptors, found 12",Molecular weight: 464.3790000000001,Log partition coefficient: -0.5389,False
284,COC1CCC[C@H](C)OC(=O)Cc2c(C(=O)C1)c(O)cc(c2)O,Found 2 H-bond donors,Found 6 H-bond acceptors,Molecular weight: 322.35699999999997,Log partition coefficient: 2.3437000000000006,True
285,[HH],Found 0 H-bond donors,Found 0 H-bond acceptors,Molecular weight: 2.016,Log partition coefficient: 0.246,True
286,CC(C(=O)O)C,Found 1 H-bond donors,Found 1 H-bond acceptors,Molecular weight: 88.106,Log partition coefficient: 0.7269999999999999,True
287,Oc1cc(O)c2c(c1)oc(c(c2=O)O)c1cc(O)c(c(c1)O)O,"Over 5 H-bond donors, found 6",Found 8 H-bond acceptors,Molecular weight: 318.237,Log partition coefficient: 1.693599999999999,False
288,OC(=O)[C@H]1O[C@@H](Oc2ccc(cc2)C)[C@@H]([C@H]([C@@H]1O)O)O,Found 4 H-bond donors,Found 6 H-bond acceptors,Molecular weight: 284.264,Log partition coefficient: -0.7339800000000001,True
289,Oc1cc2oc(cc(=O)c2c(c1O)O)c1ccccc1,Found 3 H-bond donors,Found 5 H-bond acceptors,Molecular weight: 270.24,Log partition coefficient: 2.5768000000000013,True
290,OC(=O)[C@H]1O[C@@H](Oc2cc3oc(cc(=O)c3c(c2O)O)c2ccccc2)[C@@H]([C@H]([C@@H]1O)O)O,"Over 5 H-bond donors, found 6",Found 10 H-bond acceptors,Molecular weight: 446.36400000000003,Log partition coefficient: 0.14219999999999933,False
291,OC[C@@H]([C@@H](Cc1ccc(c(c1)OC)O)CO)Cc1ccc(c(c1)OC)O,Found 4 H-bond donors,Found 6 H-bond acceptors,Molecular weight: 362.4220000000001,Log partition coefficient: 2.1172,True
292,OC[C@H]1[C@H](CO[C@@H]1c1ccc(c(c1)OC)O)Cc1ccc(c(c1)OC)O,Found 3 H-bond donors,Found 6 H-bond acceptors,Molecular weight: 360.40600000000006,Log partition coefficient: 2.653700000000001,True
293,O=C1OCC(C1Cc1ccc(c(c1)O)O)Cc1ccc(c(c1)O)O,Found 4 H-bond donors,Found 6 H-bond acceptors,Molecular weight: 330.336,Log partition coefficient: 2.083400000000002,True
294,Oc1ccc(cc1)/C=C/C(=O)c1c(O)cc(cc1O)O,Found 4 H-bond donors,Found 5 H-bond acceptors,Molecular weight: 272.256,Log partition coefficient: 2.405100000000001,True
295,Oc1ccc(cc1)C1CC(=O)c2c(O1)cc(cc2O)O,Found 3 H-bond donors,Found 5 H-bond acceptors,Molecular weight: 272.256,Log partition coefficient: 2.509900000000002,True
